PMID,Title,Authors,Citation,First Author,Journal/Book,Publication Year,Create Date,PMCID,NIHMS ID,DOI
37981567,Differing impact of the COVID-19 pandemic on youth mental health: combined population and clinical study,"Qi L, Zhang Z, Robinson L, Bobou M, Gourlan C, Winterer J, Adams R, Agunbiade K, Zhang Y, King S, Vaidya N, Artiges E, Banaschewski T, Bokde ALW, Broulidakis MJ, Brühl R, Flor H, Fröhner JH, Garavan H, Grigis A, Heinz A, Hohmann S, Martinot MP, Millenet S, Nees F, van Noort BM, Orfanos DP, Poustka L, Sinclair J, Smolka MN, Whelan R, Stringaris A, Walter H, Martinot JL, Schumann G, Schmidt U, Desrivières S; IMAGEN Consortium, ESTRA Consortium and STRATIFY Consortium.",BJPsych Open. 2023 Nov 20;9(6):e217. doi: 10.1192/bjo.2023.601.,Qi L,BJPsych Open,2023,2023/11/19,,,10.1192/bjo.2023.601
37978054,The 2023 ESCAP Research Academy workshop: ADHD and emotional dysregulation,"Klauser P, Cortese S, Hagstrøm J, Stringaris A, Hebebrand J, Hoekstra PJ, Schlaegel K, Revet A.",Eur Child Adolesc Psychiatry. 2023 Nov 18. doi: 10.1007/s00787-023-02318-1. Online ahead of print.,Klauser P,Eur Child Adolesc Psychiatry,2023,2023/11/17,,,10.1007/s00787-023-02318-1
37954687,"Moving from development to implementation of digital innovations within the NHS: myHealthE, a remote monitoring system for tracking patient outcomes in child and adolescent mental health services","Morris AC, Ibrahim Z, Moghraby OS, Stringaris A, Grant IM, Zalewski L, McClellan S, Moriarty G, Simonoff E, Dobson RJ, Downs J.",Digit Health. 2023 Nov 9;9:20552076231211551. doi: 10.1177/20552076231211551. eCollection 2023 Jan-Dec.,Morris AC,Digit Health,2023,2023/11/13,PMC10638880,,10.1177/20552076231211551
37734478,Test-Retest Reliability of Functional Connectivity in Adolescents With Depression,"Camp CC, Noble S, Scheinost D, Stringaris A, Nielson DM.",Biol Psychiatry Cogn Neurosci Neuroimaging. 2023 Sep 19:S2451-9022(23)00240-9. doi: 10.1016/j.bpsc.2023.09.002. Online ahead of print.,Camp CC,Biol Psychiatry Cogn Neurosci Neuroimaging,2023,2023/09/21,,,10.1016/j.bpsc.2023.09.002
37676862,An experimental approach to training mood for resilience,"Mantas V, Kotoula V, Zheng C, Nielson DM, Stringaris A.",PLoS One. 2023 Sep 7;18(9):e0290881. doi: 10.1371/journal.pone.0290881. eCollection 2023.,Mantas V,PLoS One,2023,2023/09/07,PMC10484456,,10.1371/journal.pone.0290881
37610741,Addressing Global Environmental Challenges to Mental Health Using Population Neuroscience: A Review,"Schumann G, Andreassen OA, Banaschewski T, Calhoun VD, Clinton N, Desrivieres S, Brandlistuen RE, Feng J, Hese S, Hitchen E, Hoffmann P, Jia T, Jirsa V, Marquand AF, Nees F, Nöthen MM, Novarino G, Polemiti E, Ralser M, Rapp M, Schepanski K, Schikowski T, Slater M, Sommer P, Stahl BC, Thompson PM, Twardziok S, van der Meer D, Walter H, Westlye L; environMENTAL Consortium.",JAMA Psychiatry. 2023 Oct 1;80(10):1066-1074. doi: 10.1001/jamapsychiatry.2023.2996.,Schumann G,JAMA Psychiatry,2023,2023/08/23,,,10.1001/jamapsychiatry.2023.2996
37558759,Author Correction: A shared neural basis underlying psychiatric comorbidity,"Xie C, Xiang S, Shen C, Peng X, Kang J, Li Y, Cheng W, He S, Bobou M, Broulidakis MJ, van Noort BM, Zhang Z, Robinson L, Vaidya N, Winterer J, Zhang Y, King S, Banaschewski T, Barker GJ, Bokde ALW, Bromberg U, Büchel C, Flor H, Grigis A, Garavan H, Gowland P, Heinz A, Ittermann B, Lemaître H, Martinot JL, Martinot MP, Nees F, Orfanos DP, Paus T, Poustka L, Fröhner JH, Schmidt U, Sinclair J, Smolka MN, Stringaris A, Walter H, Whelan R, Desrivières S, Sahakian BJ, Robbins TW, Schumann G, Jia T, Feng J; IMAGEN Consortium; STRATIFY/ESTRA Consortium; ZIB Consortium.",Nat Med. 2023 Sep;29(9):2375. doi: 10.1038/s41591-023-02512-3.,Xie C,Nat Med,2023,2023/08/09,PMC10504065,,10.1038/s41591-023-02512-3
37491833,"Ketamine-induced changes in resting state connectivity, 2 h after the drug administration in patients with remitted depression","Burrows M, Kotoula V, Dipasquale O, Stringaris A, Mehta MA.",J Psychopharmacol. 2023 Aug;37(8):784-794. doi: 10.1177/02698811231189432. Epub 2023 Jul 25.,Burrows M,J Psychopharmacol,2023,2023/07/26,,,10.1177/02698811231189432
37391129,Changes in Early Childhood Irritability and Its Association With Depressive Symptoms and Self-Harm During Adolescence in a Nationally Representative United Kingdom Birth Cohort,"Srinivasan R, Flouri E, Lewis G, Solmi F, Stringaris A, Lewis G.",J Am Acad Child Adolesc Psychiatry. 2023 Jun 28:S0890-8567(23)00344-1. doi: 10.1016/j.jaac.2023.05.027. Online ahead of print.,Srinivasan R,J Am Acad Child Adolesc Psychiatry,2023,2023/06/30,,,10.1016/j.jaac.2023.05.027
37322117,Effects of urban living environments on mental health in adults,"Xu J, Liu N, Polemiti E, Garcia-Mondragon L, Tang J, Liu X, Lett T, Yu L, Nöthen MM, Feng J, Yu C, Marquand A, Schumann G; the environMENTAL Consortium.",Nat Med. 2023 Jun;29(6):1456-1467. doi: 10.1038/s41591-023-02365-w. Epub 2023 Jun 15.,Xu J,Nat Med,2023,2023/06/15,PMC10287556,,10.1038/s41591-023-02365-w
37226639,Editorial Perspective: When is a 'small effect' actually large and impactful?,"Carey EG, Ridler I, Ford TJ, Stringaris A.",J Child Psychol Psychiatry. 2023 Nov;64(11):1643-1647. doi: 10.1111/jcpp.13817. Epub 2023 May 25.,Carey EG,J Child Psychol Psychiatry,2023,2023/05/25,,,10.1111/jcpp.13817
37122232,Longitudinal Associations Between COVID-19 Stress and the Mental Health of Children With ADHD,"Summerton A, Bellows ST, Westrupp EM, Stokes MA, Coghill D, Bellgrove MA, Hutchinson D, Becker SP, Melvin G, Quach J, Efron D, Stringaris A, Middeldorp CM, Banaschewski T, Sciberras E.",J Atten Disord. 2023 Aug;27(10):1065-1074. doi: 10.1177/10870547231168334. Epub 2023 Apr 25.,Summerton A,J Atten Disord,2023,2023/05/01,PMC10130929,,10.1177/10870547231168334
37095248,A shared neural basis underlying psychiatric comorbidity,"Xie C, Xiang S, Shen C, Peng X, Kang J, Li Y, Cheng W, He S, Bobou M, Broulidakis MJ, van Noort BM, Zhang Z, Robinson L, Vaidya N, Winterer J, Zhang Y, King S, Banaschewski T, Barker GJ, Bokde ALW, Bromberg U, Büchel C, Flor H, Grigis A, Garavan H, Gowland P, Heinz A, Ittermann B, Lemaître H, Martinot JL, Martinot MP, Nees F, Orfanos DP, Paus T, Poustka L, Fröhner JH, Schmidt U, Sinclair J, Smolka MN, Stringaris A, Walter H, Whelan R, Desrivières S, Sahakian BJ, Robbins TW, Schumann G, Jia T, Feng J; IMAGEN Consortium; STRATIFY/ESTRA Consortium; ZIB Consortium.",Nat Med. 2023 May;29(5):1232-1242. doi: 10.1038/s41591-023-02317-4. Epub 2023 Apr 24.,Xie C,Nat Med,2023,2023/04/24,PMC10202801,,10.1038/s41591-023-02317-4
37030330,Robust caregiver-youth discrepancies in irritability ratings on the affective reactivity index: An investigation of its origins,"Mallidi A, Meza-Cervera T, Kircanski K, Stringaris A, Brotman MA, Pine DS, Leibenluft E, Linke JO.",J Affect Disord. 2023 Jul 1;332:185-193. doi: 10.1016/j.jad.2023.03.091. Epub 2023 Apr 6.,Mallidi A,J Affect Disord,2023,2023/04/08,PMC10170868,NIHMS1890858,10.1016/j.jad.2023.03.091
37001575,"The future of child and adolescent clinical psychopharmacology: A systematic review of phase 2, 3, or 4 randomized controlled trials of pharmacologic agents without regulatory approval or for unapproved indications","Cortese S, McGinn K, Højlund M, Apter A, Arango C, Baeza I, Banaschewski T, Buitelaar J, Castro-Fornieles J, Coghill D, Cohen D, Grünblatt E, Hoekstra PJ, James A, Jeppesen P, Nagy P, Pagsberg AK, Parellada M, Persico AM, Purper-Ouakil D, Roessner V, Santosh P, Simonoff E, Stevanovic D, Stringaris A, Vitiello B, Walitza S, Weizman A, Wohlfarth T, Wong ICK, Zalsman G, Zuddas A, Moreno C, Solmi M, Correll CU.",Neurosci Biobehav Rev. 2023 Jun;149:105149. doi: 10.1016/j.neubiorev.2023.105149. Epub 2023 Mar 29.,Cortese S,Neurosci Biobehav Rev,2023,2023/03/31,,,10.1016/j.neubiorev.2023.105149
36999802,Do no harm: Can school mental health interventions cause iatrogenic harm? - ERRATUM,"Foulkes L, Stringaris A.",BJPsych Bull. 2023 Oct;47(5):310. doi: 10.1192/bjb.2023.22.,Foulkes L,BJPsych Bull,2023,2023/03/31,,,10.1192/bjb.2023.22
36977764,Computerized cognitive training in attention-deficit/hyperactivity disorder (ADHD): a meta-analysis of randomized controlled trials with blinded and objective outcomes,"Westwood SJ, Parlatini V, Rubia K, Cortese S, Sonuga-Barke EJS; European ADHD Guidelines Group (EAGG).",Mol Psychiatry. 2023 Apr;28(4):1402-1414. doi: 10.1038/s41380-023-02000-7. Epub 2023 Mar 29.,Westwood SJ,Mol Psychiatry,2023,2023/03/28,PMC10208955,,10.1038/s41380-023-02000-7
36849591,A highly replicable decline in mood during rest and simple tasks,"Jangraw DC, Keren H, Sun H, Bedder RL, Rutledge RB, Pereira F, Thomas AG, Pine DS, Zheng C, Nielson DM, Stringaris A.",Nat Hum Behav. 2023 Apr;7(4):596-610. doi: 10.1038/s41562-023-01519-7. Epub 2023 Feb 27.,Jangraw DC,Nat Hum Behav,2023,2023/02/27,PMC10192073,NIHMS1871326,10.1038/s41562-023-01519-7
36843444,Do no harm: can school mental health interventions cause iatrogenic harm?,"Foulkes L, Stringaris A.",BJPsych Bull. 2023 Oct;47(5):267-269. doi: 10.1192/bjb.2023.9.,Foulkes L,BJPsych Bull,2023,2023/02/27,,,10.1192/bjb.2023.9
36764972,Remote assessment of ADHD in children and adolescents: recommendations from the European ADHD Guidelines Group following the clinical experience during the COVID-19 pandemic,"Santosh P, Cortese S, Hollis C, Bölte S, Daley D, Coghill D, Holtmann M, Sonuga-Barke EJS, Buitelaar J, Banaschewski T, Stringaris A, Döpfner M, Van der Oord S, Carucci S, Brandeis D, Nagy P, Ferrin M, Baeyens D, van den Hoofdakker BJ, Purper-Ouakil D, Ramos-Quiroga A, Romanos M, Soutullo CA, Thapar A, Wong ICK, Zuddas A, Galera C, Simonoff E.",Eur Child Adolesc Psychiatry. 2023 Jun;32(6):921-935. doi: 10.1007/s00787-023-02148-1. Epub 2023 Feb 11.,Santosh P,Eur Child Adolesc Psychiatry,2023,2023/02/10,PMC9918404,,10.1007/s00787-023-02148-1
36481929,Anxiety onset in adolescents: a machine-learning prediction,"Chavanne AV, Paillère Martinot ML, Penttilä J, Grimmer Y, Conrod P, Stringaris A, van Noort B, Isensee C, Becker A, Banaschewski T, Bokde ALW, Desrivières S, Flor H, Grigis A, Garavan H, Gowland P, Heinz A, Brühl R, Nees F, Papadopoulos Orfanos D, Paus T, Poustka L, Hohmann S, Millenet S, Fröhner JH, Smolka MN, Walter H, Whelan R, Schumann G, Martinot JL, Artiges E; IMAGEN consortium.",Mol Psychiatry. 2023 Feb;28(2):639-646. doi: 10.1038/s41380-022-01840-z. Epub 2022 Dec 8.,Chavanne AV,Mol Psychiatry,2023,2022/12/09,PMC9908534,,10.1038/s41380-022-01840-z
36472926,Setting national research priorities for difficult-to-treat depression in the UK between 2021-2026,"Chapman N, Browning M, Baghurst D, Hotopf M, Willis D, Haylock S, Zakaria S, Speechley J, Withey J, Brooks E, Chan F, Pappa S, Geddes J, Insole L, Mohammed Z, Kessler D, Jones PB, Mansoori P; Difficult to Treat Depression Research Priority Setting Group.",J Glob Health. 2022 Dec 22;12:09004. doi: 10.7189/jogh.12.09004.,Chapman N,J Glob Health,2022,2022/12/06,PMC9727823,,10.7189/jogh.12.09004
36414963,"Parent training for the treatment of irritability in children and adolescents: a multisite randomized controlled, 3-parallel-group, evaluator-blinded, superiority trial","Fongaro E, Picot MC, Stringaris A, Belloc C, Verissimo AS, Franc N, Purper-Ouakil D.",BMC Psychol. 2022 Nov 22;10(1):273. doi: 10.1186/s40359-022-00984-5.,Fongaro E,BMC Psychol,2022,2022/11/22,PMC9682705,,10.1186/s40359-022-00984-5
36287532,Striatal Activity to Reward Anticipation as a Moderator of the Association Between Early Behavioral Inhibition and Changes in Anxiety and Depressive Symptoms From Adolescence to Adulthood,"Tang A, Harrewijn A, Benson B, Haller SP, Guyer AE, Perez-Edgar KE, Stringaris A, Ernst M, Brotman MA, Pine DS, Fox NA.",JAMA Psychiatry. 2022 Dec 1;79(12):1199-1208. doi: 10.1001/jamapsychiatry.2022.3483.,Tang A,JAMA Psychiatry,2022,2022/10/26,PMC9607981,,10.1001/jamapsychiatry.2022.3483
36266553,The richness of paradigms in child and adolescent psychiatry,Stringaris A.,Eur Child Adolesc Psychiatry. 2022 Dec;31(12):1853-1855. doi: 10.1007/s00787-022-02103-6.,Stringaris A,Eur Child Adolesc Psychiatry,2022,2022/10/20,,,10.1007/s00787-022-02103-6
36138923,Global and Regional Structural Differences and Prediction of Autistic Traits during Adolescence,"Nees F, Banaschewski T, Bokde ALW, Desrivières S, Grigis A, Garavan H, Gowland P, Grimmer Y, Heinz A, Brühl R, Isensee C, Becker A, Martinot JL, Paillère Martinot ML, Artiges E, Papadopoulos Orfanos D, Lemaître H, Stringaris A, van Noort B, Paus T, Penttilä J, Millenet S, Fröhner JH, Smolka MN, Walter H, Whelan R, Schumann G, Poustka L, On Behalf Of The Imagen Consortium.",Brain Sci. 2022 Sep 2;12(9):1187. doi: 10.3390/brainsci12091187.,Nees F,Brain Sci,2022,2022/09/23,PMC9496772,,10.3390/brainsci12091187
36057404,Capturing brain-cognition relationship: Integrating task-based fMRI across tasks markedly boosts prediction and test-retest reliability,"Tetereva A, Li J, Deng JD, Stringaris A, Pat N.",Neuroimage. 2022 Nov;263:119588. doi: 10.1016/j.neuroimage.2022.119588. Epub 2022 Aug 31.,Tetereva A,Neuroimage,2022,2022/09/03,,,10.1016/j.neuroimage.2022.119588
35903877,"Longitudinally stable, brain-based predictive models mediate the relationships between childhood cognition and socio-demographic, psychological and genetic factors","Pat N, Wang Y, Anney R, Riglin L, Thapar A, Stringaris A.",Hum Brain Mapp. 2022 Dec 15;43(18):5520-5542. doi: 10.1002/hbm.26027. Epub 2022 Jul 28.,Pat N,Hum Brain Mapp,2022,2022/07/29,PMC9704790,,10.1002/hbm.26027
35860899,The consequences of a year of the COVID-19 pandemic for the mental health of young adult twins in England and Wales,"Rimfeld K, Malanchini M, Arathimos R, Gidziela A, Pain O, McMillan A, Ogden R, Webster L, Packer AE, Shakeshaft NG, Schofield KL, Pingault JB, Allegrini AG, Stringaris A, von Stumm S, Lewis CM, Plomin R.",BJPsych Open. 2022 Jul 21;8(4):e129. doi: 10.1192/bjo.2022.506.,Rimfeld K,BJPsych Open,2022,2022/07/21,PMC9304950,,10.1192/bjo.2022.506
35714839,"Chronotype, Longitudinal Volumetric Brain Variations Throughout Adolescence, and Depressive Symptom Development","Vulser H, Lemaître HS, Guldner S, Bezivin-Frère P, Löffler M, Sarvasmaa AS, Massicotte-Marquez J, Artiges E, Paillère Martinot ML, Filippi I, Miranda R, Stringaris A, van Noort BM, Penttilä J, Grimmer Y, Becker A, Banaschewski T, Bokde ALW, Desrivières S, Fröhner JH, Garavan H, Grigis A, Gowland PA, Heinz A, Papadopoulos Orfanos D, Poustka L, Smolka MN, Spechler PA, Walter H, Whelan R, Schumann G, Flor H, Martinot JL, Nees F; IMAGEN Consortium.",J Am Acad Child Adolesc Psychiatry. 2023 Jan;62(1):48-58. doi: 10.1016/j.jaac.2022.06.003. Epub 2022 Jun 15.,Vulser H,J Am Acad Child Adolesc Psychiatry,2023,2022/06/17,,,10.1016/j.jaac.2022.06.003
35697648,Explainable machine learning approach to predict and explain the relationship between task-based fMRI and individual differences in cognition,"Pat N, Wang Y, Bartonicek A, Candia J, Stringaris A.",Cereb Cortex. 2023 Mar 10;33(6):2682-2703. doi: 10.1093/cercor/bhac235.,Pat N,Cereb Cortex,2023,2022/06/13,PMC10016053,,10.1093/cercor/bhac235
35684987,Assessing the feasibility of a web-based outcome measurement system in child and adolescent mental health services - myHealthE a randomised controlled feasibility pilot study,"Morris AC, Ibrahim Z, Heslin M, Moghraby OS, Stringaris A, Grant IM, Zalewski L, Pritchard M, Stewart R, Hotopf M, Pickles A, Dobson RJB, Simonoff E, Downs J.",Child Adolesc Ment Health. 2023 Feb;28(1):128-147. doi: 10.1111/camh.12571. Epub 2022 Jun 9.,Morris AC,Child Adolesc Ment Health,2023,2022/06/10,PMC10083915,,10.1111/camh.12571
35585464,Origins of Anhedonia in Childhood and Adolescence,"Prabhakar J, Nielson DM, Stringaris A.",Curr Top Behav Neurosci. 2022;58:43-60. doi: 10.1007/7854_2022_356.,Prabhakar J,Curr Top Behav Neurosci,2022,2022/05/18,,,10.1007/7854_2022_356
35582783,Longitudinal Trajectory of the Link Between Ventral Striatum and Depression in Adolescence,"Pan PM, Sato JR, Paillère Martinot ML, Martinot JL, Artiges E, Penttilä J, Grimmer Y, van Noort BM, Becker A, Banaschewski T, Bokde ALW, Desrivières S, Flor H, Garavan H, Ittermann B, Nees F, Papadopoulos Orfanos D, Poustka L, Fröhner JH, Whelan R, Schumann G, Westwater ML, Grillon C, Cogo-Moreira H, Stringaris A, Ernst M; IMAGEN Consortium.",Am J Psychiatry. 2022 Jul;179(7):470-481. doi: 10.1176/appi.ajp.20081180. Epub 2022 May 18.,Pan PM,Am J Psychiatry,2022,2022/05/18,,,10.1176/appi.ajp.20081180
35452785,Mood and Behaviors of Adolescents With Depression in a Longitudinal Study Before and During the COVID-19 Pandemic,"Sadeghi N, Fors PQ, Eisner L, Taigman J, Qi K, Gorham LS, Camp CC, O'Callaghan G, Rodriguez D, McGuire J, Garth EM, Engel C, Davis M, Towbin KE, Stringaris A, Nielson DM.",J Am Acad Child Adolesc Psychiatry. 2022 Nov;61(11):1341-1350. doi: 10.1016/j.jaac.2022.04.004. Epub 2022 Apr 19.,Sadeghi N,J Am Acad Child Adolesc Psychiatry,2022,2022/04/22,PMC9015953,,10.1016/j.jaac.2022.04.004
35358662,Narrative Review: Impairing Emotional Outbursts: What They Are and What We Should Do About Them,"Carlson GA, Singh MK, Amaya-Jackson L, Benton TD, Althoff RR, Bellonci C, Bostic JQ, Chua JD, Findling RL, Galanter CA, Gerson RS, Sorter MT, Stringaris A, Waxmonsky JG, McClellan JM.",J Am Acad Child Adolesc Psychiatry. 2023 Feb;62(2):135-150. doi: 10.1016/j.jaac.2022.03.014. Epub 2022 Mar 28.,Carlson GA,J Am Acad Child Adolesc Psychiatry,2023,2022/03/31,,,10.1016/j.jaac.2022.03.014
34921602,Magnetoencephalographic correlates of mood and reward dynamics in human adolescents,"Liuzzi L, Chang KK, Zheng C, Keren H, Saha D, Nielson DM, Stringaris A.",Cereb Cortex. 2022 Jul 21;32(15):3318-3330. doi: 10.1093/cercor/bhab417.,Liuzzi L,Cereb Cortex,2022,2021/12/18,PMC9340400,,10.1093/cercor/bhab417
34847615,Clinical utility of family history of depression for prognosis of adolescent depression severity and duration assessed with predictive modeling,"Gorham LS, Sadeghi N, Eisner L, Taigman J, Haynes K, Qi K, Camp CC, Fors P, Rodriguez D, McGuire J, Garth E, Engel C, Davis M, Towbin K, Stringaris A, Nielson DM.",J Child Psychol Psychiatry. 2022 Aug;63(8):939-947. doi: 10.1111/jcpp.13547. Epub 2021 Nov 30.,Gorham LS,J Child Psychol Psychiatry,2022,2021/11/30,PMC9541414,,10.1111/jcpp.13547
34687389,Sources of normativity in childhood depression,Stringaris A.,Eur Child Adolesc Psychiatry. 2021 Nov;30(11):1663-1665. doi: 10.1007/s00787-021-01891-7.,Stringaris A,Eur Child Adolesc Psychiatry,2021,2021/10/23,,,10.1007/s00787-021-01891-7
34642704,The consequences of a year of the COVID-19 pandemic for the mental health of young adult twins in England and Wales,"Rimfeld K, Malanchini M, Arathimos R, Gidziela A, Pain O, McMillan A, Ogden R, Webster L, Packer AE, Shakeshaft NG, Schofield KL, Pingault JB, Allegrini AG, Stringaris A, von Stumm S, Lewis CM, Plomin R.",medRxiv. 2021 Oct 7:2021.10.07.21264655. doi: 10.1101/2021.10.07.21264655. Preprint.,Rimfeld K,medRxiv,2021,2021/10/13,PMC8509105,,10.1101/2021.10.07.21264655
34506929,Motivation and Cognitive Abilities as Mediators Between Polygenic Scores and Psychopathology in Children,"Pat N, Riglin L, Anney R, Wang Y, Barch DM, Thapar A, Stringaris A.",J Am Acad Child Adolesc Psychiatry. 2022 Jun;61(6):782-795.e3. doi: 10.1016/j.jaac.2021.08.019. Epub 2021 Sep 7.,Pat N,J Am Acad Child Adolesc Psychiatry,2022,2021/09/10,,,10.1016/j.jaac.2021.08.019
34419187,"The knowns and unknowns of SSRI treatment in young people with depression and anxiety: efficacy, predictors, and mechanisms of action","Murphy SE, Capitão LP, Giles SLC, Cowen PJ, Stringaris A, Harmer CJ.",Lancet Psychiatry. 2021 Sep;8(9):824-835. doi: 10.1016/S2215-0366(21)00154-1.,Murphy SE,Lancet Psychiatry,2021,2021/08/22,,,10.1016/S2215-0366(21)00154-1
34128464,The temporal representation of experience in subjective mood,"Keren H, Zheng C, Jangraw DC, Chang K, Vitale A, Rutledge RB, Pereira F, Nielson DM, Stringaris A.",Elife. 2021 Jun 15;10:e62051. doi: 10.7554/eLife.62051.,Keren H,Elife,2021,2021/06/15,PMC8241441,,10.7554/eLife.62051
34126264,Ketamine Modulates the Neural Correlates of Reward Processing in Unmedicated Patients in Remission From Depression,"Kotoula V, Stringaris A, Mackes N, Mazibuko N, Hawkins PCT, Furey M, Curran HV, Mehta MA.",Biol Psychiatry Cogn Neurosci Neuroimaging. 2022 Mar;7(3):285-292. doi: 10.1016/j.bpsc.2021.05.009. Epub 2021 Jun 11.,Kotoula V,Biol Psychiatry Cogn Neurosci Neuroimaging,2022,2021/06/14,,,10.1016/j.bpsc.2021.05.009
34111690,Irritability as an independent predictor of concurrent and future suicidal ideation in adults with stimulant use disorder: Findings from the STRIDE study,"Jha MK, Minhajuddin A, Chin Fatt C, Shoptaw S, Kircanski K, Stringaris A, Leibenluft E, Trivedi M.",J Affect Disord. 2021 Sep 1;292:108-113. doi: 10.1016/j.jad.2021.04.019. Epub 2021 May 3.,Jha MK,J Affect Disord,2021,2021/06/10,,,10.1016/j.jad.2021.04.019
33927653,Repetitive Transcranial Magnetic Stimulation for Adolescent Major Depressive Disorder: A Focus on Neurodevelopment,"Oberman LM, Hynd M, Nielson DM, Towbin KE, Lisanby SH, Stringaris A.",Front Psychiatry. 2021 Apr 13;12:642847. doi: 10.3389/fpsyt.2021.642847. eCollection 2021.,Oberman LM,Front Psychiatry,2021,2021/04/30,PMC8076574,,10.3389/fpsyt.2021.642847
33854103,The Coronavirus Health and Impact Survey (CRISIS) reveals reproducible correlates of pandemic-related mood states across the Atlantic,"Nikolaidis A, Paksarian D, Alexander L, Derosa J, Dunn J, Nielson DM, Droney I, Kang M, Douka I, Bromet E, Milham M, Stringaris A, Merikangas KR.",Sci Rep. 2021 Apr 14;11(1):8139. doi: 10.1038/s41598-021-87270-3.,Nikolaidis A,Sci Rep,2021,2021/04/15,PMC8046981,,10.1038/s41598-021-87270-3
33753312,"Predicting Depression Onset in Young People Based on Clinical, Cognitive, Environmental, and Neurobiological Data","Toenders YJ, Kottaram A, Dinga R, Davey CG, Banaschewski T, Bokde ALW, Quinlan EB, Desrivières S, Flor H, Grigis A, Garavan H, Gowland P, Heinz A, Brühl R, Martinot JL, Paillère Martinot ML, Nees F, Orfanos DP, Lemaitre H, Paus T, Poustka L, Hohmann S, Fröhner JH, Smolka MN, Walter H, Whelan R, Stringaris A, van Noort B, Penttilä J, Grimmer Y, Insensee C, Becker A, Schumann G; IMAGEN Consortium; Schmaal L.",Biol Psychiatry Cogn Neurosci Neuroimaging. 2022 Apr;7(4):376-384. doi: 10.1016/j.bpsc.2021.03.005. Epub 2021 Mar 19.,Toenders YJ,Biol Psychiatry Cogn Neurosci Neuroimaging,2022,2021/03/23,,,10.1016/j.bpsc.2021.03.005
33743947,How and Why Are Irritability and Depression Linked?,"Vidal-Ribas P, Stringaris A.",Child Adolesc Psychiatr Clin N Am. 2021 Apr;30(2):401-414. doi: 10.1016/j.chc.2020.10.009.,Vidal-Ribas P,Child Adolesc Psychiatr Clin N Am,2021,2021/03/21,PMC7988746,NIHMS1638382,10.1016/j.chc.2020.10.009
33677215,Common and specific aspects of anxiety and depression and the metabolic syndrome,"Hoffmann MS, Brunoni AR, Stringaris A, Viana MC, Lotufo PA, Benseñor IM, Salum GA.",J Psychiatr Res. 2021 May;137:117-125. doi: 10.1016/j.jpsychires.2021.02.052. Epub 2021 Mar 1.,Hoffmann MS,J Psychiatr Res,2021,2021/03/07,,,10.1016/j.jpsychires.2021.02.052
33664233,Differential predictors for alcohol use in adolescents as a function of familial risk,"Tschorn M, Lorenz RC, O'Reilly PF, Reichenberg A, Banaschewski T, Bokde ALW, Quinlan EB, Desrivières S, Flor H, Grigis A, Garavan H, Gowland P, Ittermann B, Martinot JL, Artiges E, Nees F, Papadopoulos Orfanos D, Poustka L, Millenet S, Fröhner JH, Smolka MN, Walter H, Whelan R, Schumann G, Heinz A, Rapp MA; IMAGEN Consortium.",Transl Psychiatry. 2021 Mar 4;11(1):157. doi: 10.1038/s41398-021-01260-7.,Tschorn M,Transl Psychiatry,2021,2021/03/05,PMC7933140,,10.1038/s41398-021-01260-7
33624124,Genetic Correlates of Psychological Responses to the COVID-19 Crisis in Young Adult Twins in Great Britain,"Rimfeld K, Malanchini M, Allegrini AG, Packer AE, McMillan A, Ogden R, Webster L, Shakeshaft NG, Schofield KL, Pingault JB, Stringaris A, von Stumm S, Plomin R.",Behav Genet. 2021 Mar;51(2):110-124. doi: 10.1007/s10519-021-10050-2. Epub 2021 Feb 24.,Rimfeld K,Behav Genet,2021,2021/02/24,PMC7902241,,10.1007/s10519-021-10050-2
33472387,Multimodal Neuroimaging of Suicidal Thoughts and Behaviors in a U.S. Population-Based Sample of School-Age Children,"Vidal-Ribas P, Janiri D, Doucet GE, Pornpattananangkul N, Nielson DM, Frangou S, Stringaris A.",Am J Psychiatry. 2021 Apr 1;178(4):321-332. doi: 10.1176/appi.ajp.2020.20020120. Epub 2021 Jan 21.,Vidal-Ribas P,Am J Psychiatry,2021,2021/01/21,PMC8016742,NIHMS1673220,10.1176/appi.ajp.2020.20020120
33389159,Validation of an irritability measure in preschoolers in school-based and clinical Brazilian samples,"Sugaya LS, Kircanski K, Stringaris A, Polanczyk GV, Leibenluft E.",Eur Child Adolesc Psychiatry. 2022 Apr;31(4):577-587. doi: 10.1007/s00787-020-01701-6. Epub 2021 Jan 2.,Sugaya LS,Eur Child Adolesc Psychiatry,2022,2021/01/03,,,10.1007/s00787-020-01701-6
33331195,"Physical Health, Media Use, and Mental Health in Children and Adolescents With ADHD During the COVID-19 Pandemic in Australia","Sciberras E, Patel P, Stokes MA, Coghill D, Middeldorp CM, Bellgrove MA, Becker SP, Efron D, Stringaris A, Faraone SV, Bellows ST, Quach J, Banaschewski T, McGillivray J, Hutchinson D, Silk TJ, Melvin G, Wood AG, Jackson A, Loram G, Engel L, Montgomery A, Westrupp E.",J Atten Disord. 2022 Feb;26(4):549-562. doi: 10.1177/1087054720978549. Epub 2020 Dec 17.,Sciberras E,J Atten Disord,2022,2020/12/17,PMC8785303,,10.1177/1087054720978549
33263759,Association of Genetic and Phenotypic Assessments With Onset of Disordered Eating Behaviors and Comorbid Mental Health Problems Among Adolescents,"Robinson L, Zhang Z, Jia T, Bobou M, Roach A, Campbell I, Irish M, Quinlan EB, Tay N, Barker ED, Banaschewski T, Bokde ALW, Grigis A, Garavan H, Heinz A, Ittermann B, Martinot JL, Stringaris A, Penttilä J, van Noort B, Grimmer Y, Martinot MP, Insensee C, Becker A, Nees F, Orfanos DP, Paus T, Poustka L, Hohmann S, Fröhner JH, Smolka MN, Walter H, Whelan R, Schumann G, Schmidt U, Desrivières S; IMAGEN Consortium.",JAMA Netw Open. 2020 Dec 1;3(12):e2026874. doi: 10.1001/jamanetworkopen.2020.26874.,Robinson L,JAMA Netw Open,2020,2020/12/02,PMC7711322,,10.1001/jamanetworkopen.2020.26874
33221327,Reward Versus Nonreward Sensitivity of the Medial Versus Lateral Orbitofrontal Cortex Relates to the Severity of Depressive Symptoms,"Xie C, Jia T, Rolls ET, Robbins TW, Sahakian BJ, Zhang J, Liu Z, Cheng W, Luo Q, Zac Lo CY, Wang H, Banaschewski T, Barker GJ, Bokde ALW, Büchel C, Quinlan EB, Desrivières S, Flor H, Grigis A, Garavan H, Gowland P, Heinz A, Hohmann S, Ittermann B, Martinot JL, Paillère Martinot ML, Nees F, Orfanos DP, Paus T, Poustka L, Fröhner JH, Smolka MN, Walter H, Whelan R, Schumann G, Feng J; IMAGEN Consortium.",Biol Psychiatry Cogn Neurosci Neuroimaging. 2021 Mar;6(3):259-269. doi: 10.1016/j.bpsc.2020.08.017. Epub 2020 Sep 10.,Xie C,Biol Psychiatry Cogn Neurosci Neuroimaging,2021,2020/11/22,,,10.1016/j.bpsc.2020.08.017
33001331,A Prospective Study of Rumination and Irritability in Youth,"Leigh E, Lee A, Brown HM, Pisano S, Stringaris A.",J Abnorm Child Psychol. 2020 Dec;48(12):1581-1589. doi: 10.1007/s10802-020-00706-8. Epub 2020 Oct 1.,Leigh E,J Abnorm Child Psychol,2020,2020/10/01,PMC7554009,,10.1007/s10802-020-00706-8
32869041,The Coronavirus Health and Impact Survey (CRISIS) reveals reproducible correlates of pandemic-related mood states across the Atlantic,"Nikolaidis A, Paksarian D, Alexander L, Derosa J, Dunn J, Nielson DM, Droney I, Kang M, Douka I, Bromet E, Milham M, Stringaris A, Merikangas KR.",medRxiv. 2020 Aug 27:2020.08.24.20181123. doi: 10.1101/2020.08.24.20181123. Preprint.,Nikolaidis A,medRxiv,2020,2020/09/02,PMC7457620,,10.1101/2020.08.24.20181123
32860907,Neural Correlates of Adolescent Irritability and Its Comorbidity With Psychiatric Disorders,"Chaarani B, Kan KJ, Mackey S, Spechler PA, Potter A, Banaschewski T, Millenet S, Bokde ALW, Bromberg U, Büchel C, Cattrell A, Conrod PJ, Desrivières S, Flor H, Frouin V, Gallinat J, Gowland P, Heinz A, Ittermann B, Martinot JL, Nees F, Paus T, Poustka L, Smolka MN, Walter H, Whelan R, Stringaris A, Higgins ST, Schumann G, Garavan H, Althoff RR; IMAGEN Consortium.",J Am Acad Child Adolesc Psychiatry. 2020 Dec;59(12):1371-1379. doi: 10.1016/j.jaac.2019.11.028. Epub 2020 Aug 27.,Chaarani B,J Am Acad Child Adolesc Psychiatry,2020,2020/08/30,,,10.1016/j.jaac.2019.11.028
32797941,Great Expectations: A Critical Review of and Suggestions for the Study of Reward Processing as a Cause and Predictor of Depression,"Nielson DM, Keren H, O'Callaghan G, Jackson SM, Douka I, Vidal-Ribas P, Pornpattananangkul N, Camp CC, Gorham LS, Wei C, Kirwan S, Zheng CY, Stringaris A.",Biol Psychiatry. 2021 Jan 15;89(2):134-143. doi: 10.1016/j.biopsych.2020.06.012. Epub 2020 Jun 17.,Nielson DM,Biol Psychiatry,2021,2020/08/17,,,10.1016/j.biopsych.2020.06.012
32778392,Development of Disordered Eating Behaviors and Comorbid Depressive Symptoms in Adolescence: Neural and Psychopathological Predictors,"Zhang Z, Robinson L, Jia T, Quinlan EB, Tay N, Chu C, Barker ED, Banaschewski T, Barker GJ, Bokde ALW, Flor H, Grigis A, Garavan H, Gowland P, Heinz A, Ittermann B, Martinot JL, Stringaris A, Penttilä J, van Noort B, Grimmer Y, Paillère Martinot ML, Isensee C, Becker A, Nees F, Orfanos DP, Paus T, Poustka L, Hohmann S, Fröhner JH, Smolka MN, Walter H, Whelan R, Schumann G, Schmidt U, Desrivières S.",Biol Psychiatry. 2021 Dec 15;90(12):853-862. doi: 10.1016/j.biopsych.2020.06.003. Epub 2020 Jun 10.,Zhang Z,Biol Psychiatry,2021,2020/08/12,,,10.1016/j.biopsych.2020.06.003
32702738,Genetic correlates of psychological responses to the COVID-19 crisis in young adult twins in Great Britain,"Rimfeld K, Malancini M, Allegrini A, Packer AE, McMillan A, Ogden R, Webster L, Shakeshaft NG, Schofield KL, Pingault JB, Stringaris A, von Stumm S, Plomin R.",Res Sq. 2020 May 27:rs.3.rs-31853. doi: 10.21203/rs.3.rs-31853/v1. Preprint.,Rimfeld K,Res Sq,2020,2020/07/24,PMC7336701,,10.21203/rs.3.rs-31853/v1
32683586,The Role of Paternal Accommodation of Paediatric OCD Symptoms: Patterns and Implications for Treatment Outcomes,"Monzani B, Vidal-Ribas P, Turner C, Krebs G, Stokes C, Heyman I, Mataix-Cols D, Stringaris A.",J Abnorm Child Psychol. 2020 Oct;48(10):1313-1323. doi: 10.1007/s10802-020-00678-9.,Monzani B,J Abnorm Child Psychol,2020,2020/07/20,PMC7445192,,10.1007/s10802-020-00678-9
32663842,Association between irritability and suicidal ideation in three clinical trials of adults with major depressive disorder,"Jha MK, Minhajuddin A, Chin Fatt C, Kircanski K, Stringaris A, Leibenluft E, Trivedi MH.",Neuropsychopharmacology. 2020 Dec;45(13):2147-2154. doi: 10.1038/s41386-020-0769-x. Epub 2020 Jul 14.,Jha MK,Neuropsychopharmacology,2020,2020/07/15,PMC7784964,,10.1038/s41386-020-0769-x
32638919,Distinct correlates of empathy and compassion with burnout and affective symptoms in health professionals and students,"Romani-Sponchiado A, Jordan MR, Stringaris A, Salum GA.",Braz J Psychiatry. 2021 Mar-Apr;43(2):186-188. doi: 10.1590/1516-4446-2020-0941.,Romani-Sponchiado A,Braz J Psychiatry,2021,2020/07/09,PMC8023162,,10.1590/1516-4446-2020-0941
32629467,Notice of Retraction and Replacement. Pornpattananangkul et al. Association between childhood anhedonia and alterations in large-scale resting-state networks and task-evoked activation. JAMA Psychiatry. 2019;76(6):624-633,"Pornpattananangkul N, Leibenluft E, Pine DS, Stringaris A.",JAMA Psychiatry. 2020 Oct 1;77(10):1085-1086. doi: 10.1001/jamapsychiatry.2020.1367.,Pornpattananangkul N,JAMA Psychiatry,2020,2020/07/07,PMC10395653,,10.1001/jamapsychiatry.2020.1367
32592873,Associations between brain activity and endogenous and exogenous cortisol - A systematic review,"Harrewijn A, Vidal-Ribas P, Clore-Gronenborn K, Jackson SM, Pisano S, Pine DS, Stringaris A.",Psychoneuroendocrinology. 2020 Oct;120:104775. doi: 10.1016/j.psyneuen.2020.104775. Epub 2020 Jun 18.,Harrewijn A,Psychoneuroendocrinology,2020,2020/06/28,PMC7502528,NIHMS1608187,10.1016/j.psyneuen.2020.104775
32544982,"Sociodemographic factors associated with routine outcome monitoring: a historical cohort study of 28,382 young people accessing child and adolescent mental health services","Morris AC, Macdonald A, Moghraby O, Stringaris A, Hayes RD, Simonoff E, Ford T, Downs JM.",Child Adolesc Ment Health. 2021 Feb;26(1):56-64. doi: 10.1111/camh.12396. Epub 2020 Jun 16.,Morris AC,Child Adolesc Ment Health,2021,2020/06/17,,,10.1111/camh.12396
32444868,Linked patterns of biological and environmental covariation with brain structure in adolescence: a population-based longitudinal study,"Modabbernia A, Reichenberg A, Ing A, Moser DA, Doucet GE, Artiges E, Banaschewski T, Barker GJ, Becker A, Bokde ALW, Quinlan EB, Desrivières S, Flor H, Fröhner JH, Garavan H, Gowland P, Grigis A, Grimmer Y, Heinz A, Insensee C, Ittermann B, Martinot JL, Martinot MP, Millenet S, Nees F, Orfanos DP, Paus T, Penttilä J, Poustka L, Smolka MN, Stringaris A, van Noort BM, Walter H, Whelan R, Schumann G, Frangou S; IMAGEN Consortium.",Mol Psychiatry. 2021 Sep;26(9):4905-4918. doi: 10.1038/s41380-020-0757-x. Epub 2020 May 22.,Modabbernia A,Mol Psychiatry,2021,2020/05/24,PMC7981783,NIHMS1674668,10.1038/s41380-020-0757-x
32193296,The genetic architecture of the human cerebral cortex,"Grasby KL, Jahanshad N, Painter JN, Colodro-Conde L, Bralten J, Hibar DP, Lind PA, Pizzagalli F, Ching CRK, McMahon MAB, Shatokhina N, Zsembik LCP, Thomopoulos SI, Zhu AH, Strike LT, Agartz I, Alhusaini S, Almeida MAA, Alnæs D, Amlien IK, Andersson M, Ard T, Armstrong NJ, Ashley-Koch A, Atkins JR, Bernard M, Brouwer RM, Buimer EEL, Bülow R, Bürger C, Cannon DM, Chakravarty M, Chen Q, Cheung JW, Couvy-Duchesne B, Dale AM, Dalvie S, de Araujo TK, de Zubicaray GI, de Zwarte SMC, den Braber A, Doan NT, Dohm K, Ehrlich S, Engelbrecht HR, Erk S, Fan CC, Fedko IO, Foley SF, Ford JM, Fukunaga M, Garrett ME, Ge T, Giddaluru S, Goldman AL, Green MJ, Groenewold NA, Grotegerd D, Gurholt TP, Gutman BA, Hansell NK, Harris MA, Harrison MB, Haswell CC, Hauser M, Herms S, Heslenfeld DJ, Ho NF, Hoehn D, Hoffmann P, Holleran L, Hoogman M, Hottenga JJ, Ikeda M, Janowitz D, Jansen IE, Jia T, Jockwitz C, Kanai R, Karama S, Kasperaviciute D, Kaufmann T, Kelly S, Kikuchi M, Klein M, Knapp M, Knodt AR, Krämer B, Lam M, Lancaster TM, Lee PH, Lett TA, Lewis LB, Lopes-Cendes I, Luciano M, Macciardi F, Marquand AF, Mathias SR, Melzer TR, Milaneschi Y, et al.",Science. 2020 Mar 20;367(6484):eaay6690. doi: 10.1126/science.aay6690.,Grasby KL,Science,2020,2020/03/21,PMC7295264,NIHMS1586184,10.1126/science.aay6690
32167803,Self-Efficacy As a Target for Neuroscience Research on Moderators of Treatment Outcomes in Pediatric Anxiety,"Lewis KM, Matsumoto C, Cardinale E, Jones EL, Gold AL, Stringaris A, Leibenluft E, Pine DS, Brotman MA.",J Child Adolesc Psychopharmacol. 2020 May;30(4):205-214. doi: 10.1089/cap.2019.0130. Epub 2020 Mar 11.,Lewis KM,J Child Adolesc Psychopharmacol,2020,2020/03/14,PMC7360109,,10.1089/cap.2019.0130
32138938,The Clinician Affective Reactivity Index: Validity and Reliability of a Clinician-Rated Assessment of Irritability,"Haller SP, Kircanski K, Stringaris A, Clayton M, Bui H, Agorsor C, Cardenas SI, Towbin KE, Pine DS, Leibenluft E, Brotman MA.",Behav Ther. 2020 Mar;51(2):283-293. doi: 10.1016/j.beth.2019.10.005. Epub 2019 Nov 27.,Haller SP,Behav Ther,2020,2020/03/07,PMC7060970,NIHMS1545691,10.1016/j.beth.2019.10.005
32078823,Treatment outcomes for depression: challenges and opportunities,"Cuijpers P, Stringaris A, Wolpert M.",Lancet Psychiatry. 2020 Nov;7(11):925-927. doi: 10.1016/S2215-0366(20)30036-5. Epub 2020 Feb 17.,Cuijpers P,Lancet Psychiatry,2020,2020/02/21,,,10.1016/S2215-0366(20)30036-5
32020643,Annual Research Review: Defining and treating pediatric treatment-resistant depression,"Dwyer JB, Stringaris A, Brent DA, Bloch MH.",J Child Psychol Psychiatry. 2020 Mar;61(3):312-332. doi: 10.1111/jcpp.13202. Epub 2020 Feb 4.,Dwyer JB,J Child Psychol Psychiatry,2020,2020/02/06,PMC8314167,NIHMS1067187,10.1111/jcpp.13202
32002143,Complex post-traumatic stress symptoms in female adolescents: the role of emotion dysregulation in impairment and trauma exposure after an acute sexual assault,"Villalta L, Khadr S, Chua KC, Kramer T, Clarke V, Viner RM, Stringaris A, Smith P.",Eur J Psychotraumatol. 2020 Jan 10;11(1):1710400. doi: 10.1080/20008198.2019.1710400. eCollection 2020.,Villalta L,Eur J Psychotraumatol,2020,2020/02/01,PMC6968575,,10.1080/20008198.2019.1710400
31811901,Sex effects on structural maturation of the limbic system and outcomes on emotional regulation during adolescence,"Frere PB, Vetter NC, Artiges E, Filippi I, Miranda R, Vulser H, Paillère-Martinot ML, Ziesch V, Conrod P, Cattrell A, Walter H, Gallinat J, Bromberg U, Jurk S, Menningen E, Frouin V, Papadopoulos Orfanos D, Stringaris A, Penttilä J, van Noort B, Grimmer Y, Schumann G, Smolka MN, Martinot JL, Lemaître H; Imagen consortium.",Neuroimage. 2020 Apr 15;210:116441. doi: 10.1016/j.neuroimage.2019.116441. Epub 2019 Dec 4.,Frere PB,Neuroimage,2020,2019/12/08,,,10.1016/j.neuroimage.2019.116441
31724195,Editorial: Are computers going to take over: implications of machine learning and computational psychiatry for trainees and practising clinicians,Stringaris A.,J Child Psychol Psychiatry. 2019 Dec;60(12):1251-1253. doi: 10.1111/jcpp.13168.,Stringaris A,J Child Psychol Psychiatry,2019,2019/11/15,,,10.1111/jcpp.13168
31591521,Identification of neurobehavioural symptom groups based on shared brain mechanisms,"Ing A, Sämann PG, Chu C, Tay N, Biondo F, Robert G, Jia T, Wolfers T, Desrivières S, Banaschewski T, Bokde ALW, Bromberg U, Büchel C, Conrod P, Fadai T, Flor H, Frouin V, Garavan H, Spechler PA, Gowland P, Grimmer Y, Heinz A, Ittermann B, Kappel V, Martinot JL, Meyer-Lindenberg A, Millenet S, Nees F, van Noort B, Orfanos DP, Martinot MP, Penttilä J, Poustka L, Quinlan EB, Smolka MN, Stringaris A, Struve M, Veer IM, Walter H, Whelan R, Andreassen OA, Agartz I, Lemaitre H, Barker ED, Ashburner J, Binder E, Buitelaar J, Marquand A, Robbins TW, Schumann G; IMAGEN Consortium.",Nat Hum Behav. 2019 Dec;3(12):1306-1318. doi: 10.1038/s41562-019-0738-8. Epub 2019 Oct 7.,Ing A,Nat Hum Behav,2019,2019/10/09,,,10.1038/s41562-019-0738-8
31572227,Promotion of Wellbeing for Children of Parents With Mental Illness: A Model Protocol for Research and Intervention,"Reedtz C, van Doesum K, Signorini G, Lauritzen C, van Amelsvoort T, van Santvoort F, Young AH, Conus P, Musil R, Schulze T, Berk M, Stringaris A, Piché G, de Girolamo G.",Front Psychiatry. 2019 Sep 6;10:606. doi: 10.3389/fpsyt.2019.00606. eCollection 2019.,Reedtz C,Front Psychiatry,2019,2019/10/02,PMC6752481,,10.3389/fpsyt.2019.00606
31328396,Heavy drinking in adolescents is associated with change in brainstem microstructure and reward sensitivity,"Galinowski A, Miranda R, Lemaitre H, Artiges E, Paillère Martinot ML, Filippi I, Penttilä J, Grimmer Y, van Noort BM, Stringaris A, Becker A, Isensee C, Struve M, Fadai T, Kappel V, Goodman R, Banaschewski T, Bokde ALW, Bromberg U, Brühl R, Büchel C, Cattrell A, Conrod P, Desrivières S, Flor H, Fröhner JH, Frouin V, Gallinat J, Garavan H, Gowland P, Heinz A, Hohmann S, Jurk S, Millenet S, Nees F, Papadopoulos-Orfanos D, Poustka L, Quinlan EB, Smolka MN, Walter H, Whelan R, Schumann G, Martinot JL; IMAGEN Consortium.",Addict Biol. 2020 May;25(3):e12781. doi: 10.1111/adb.12781. Epub 2019 Jul 21.,Galinowski A,Addict Biol,2020,2019/07/23,,,10.1111/adb.12781
31324591,Bidirectional Associations Between Stress and Reward Processing in Children and Adolescents: A Longitudinal Neuroimaging Study,"Vidal-Ribas P, Benson B, Vitale AD, Keren H, Harrewijn A, Fox NA, Pine DS, Stringaris A.",Biol Psychiatry Cogn Neurosci Neuroimaging. 2019 Oct;4(10):893-901. doi: 10.1016/j.bpsc.2019.05.012. Epub 2019 Jun 3.,Vidal-Ribas P,Biol Psychiatry Cogn Neurosci Neuroimaging,2019,2019/07/21,PMC6783352,NIHMS1530718,10.1016/j.bpsc.2019.05.012
31256611,Identifying Novel Types of Irritability Using a Developmental Genetic Approach,"Riglin L, Eyre O, Thapar AK, Stringaris A, Leibenluft E, Pine DS, Tilling K, Davey Smith G, O'Donovan MC, Thapar A.",Am J Psychiatry. 2019 Aug 1;176(8):635-642. doi: 10.1176/appi.ajp.2019.18101134. Epub 2019 Jul 1.,Riglin L,Am J Psychiatry,2019,2019/07/02,PMC6677571,EMS83596,10.1176/appi.ajp.2019.18101134
31128268,A Double-Blind Randomized Placebo-Controlled Trial of Citalopram Adjunctive to Stimulant Medication in Youth With Chronic Severe Irritability,"Towbin K, Vidal-Ribas P, Brotman MA, Pickles A, Miller KV, Kaiser A, Vitale AD, Engel C, Overman GP, Davis M, Lee B, McNeil C, Wheeler W, Yokum CH, Haring CT, Roule A, Wambach CG, Sharif-Askary B, Pine DS, Leibenluft E, Stringaris A.",J Am Acad Child Adolesc Psychiatry. 2020 Mar;59(3):350-361. doi: 10.1016/j.jaac.2019.05.015. Epub 2019 May 23.,Towbin K,J Am Acad Child Adolesc Psychiatry,2020,2019/05/26,PMC9706653,NIHMS1847159,10.1016/j.jaac.2019.05.015
31072760,"Low Smoking Exposure, the Adolescent Brain, and the Modulating Role of CHRNA5 Polymorphisms","Chaarani B, Kan KJ, Mackey S, Spechler PA, Potter A, Orr C, D'Alberto N, Hudson KE, Banaschewski T, Bokde ALW, Bromberg U, Büchel C, Cattrell A, Conrod PJ, Desrivières S, Flor H, Frouin V, Gallinat J, Gowland P, Heinz A, Ittermann B, Martinot JL, Nees F, Papadopoulos-Orfanos D, Paus T, Poustka L, Smolka MN, Walter H, Whelan R, Higgins ST, Schumann G, Althoff RR, Stein EA, Garavan H; IMAGEN Consortium.",Biol Psychiatry Cogn Neurosci Neuroimaging. 2019 Jul;4(7):672-679. doi: 10.1016/j.bpsc.2019.02.006. Epub 2019 Mar 15.,Chaarani B,Biol Psychiatry Cogn Neurosci Neuroimaging,2019,2019/05/11,PMC6709448,NIHMS1528744,10.1016/j.bpsc.2019.02.006
30957688,Reward Processing in Adolescent Depression Across Neuroimaging Modalities,"O'Callaghan G, Stringaris A.",Z Kinder Jugendpsychiatr Psychother. 2019 Nov;47(6):535-541. doi: 10.1024/1422-4917/a000663. Epub 2019 Apr 8.,O'Callaghan G,Z Kinder Jugendpsychiatr Psychother,2019,2019/04/09,PMC6996129,NIHMS1068413,10.1024/1422-4917/a000663
30908655,Childhood neurodevelopmental difficulties and risk of adolescent depression: the role of irritability,"Eyre O, Hughes RA, Thapar AK, Leibenluft E, Stringaris A, Davey Smith G, Stergiakouli E, Collishaw S, Thapar A.",J Child Psychol Psychiatry. 2019 Aug;60(8):866-874. doi: 10.1111/jcpp.13053. Epub 2019 Mar 25.,Eyre O,J Child Psychol Psychiatry,2019,2019/03/26,PMC6767365,,10.1111/jcpp.13053
30865236,Association Between Childhood Anhedonia and Alterations in Large-scale Resting-State Networks and Task-Evoked Activation,"Pornpattananangkul N, Leibenluft E, Pine DS, Stringaris A.",JAMA Psychiatry. 2019 Jun 1;76(6):624-633. doi: 10.1001/jamapsychiatry.2019.0020.,Pornpattananangkul N,JAMA Psychiatry,2019,2019/03/14,PMC6552295,,10.1001/jamapsychiatry.2019.0020
30834985,Irritability in ADHD: association with later depression symptoms,"Eyre O, Riglin L, Leibenluft E, Stringaris A, Collishaw S, Thapar A.",Eur Child Adolesc Psychiatry. 2019 Oct;28(10):1375-1384. doi: 10.1007/s00787-019-01303-x. Epub 2019 Mar 5.,Eyre O,Eur Child Adolesc Psychiatry,2019,2019/03/06,PMC6785584,,10.1007/s00787-019-01303-x
30804326,Pubertal maturation and sex effects on the default-mode network connectivity implicated in mood dysregulation,"Ernst M, Benson B, Artiges E, Gorka AX, Lemaitre H, Lago T, Miranda R, Banaschewski T, Bokde ALW, Bromberg U, Brühl R, Büchel C, Cattrell A, Conrod P, Desrivières S, Fadai T, Flor H, Grigis A, Gallinat J, Garavan H, Gowland P, Grimmer Y, Heinz A, Kappel V, Nees F, Papadopoulos-Orfanos D, Penttilä J, Poustka L, Smolka MN, Stringaris A, Struve M, van Noort BM, Walter H, Whelan R, Schumann G, Grillon C, Martinot MP, Martinot JL; IMAGEN Consortium.",Transl Psychiatry. 2019 Feb 25;9(1):103. doi: 10.1038/s41398-019-0433-6.,Ernst M,Transl Psychiatry,2019,2019/02/27,PMC6389927,,10.1038/s41398-019-0433-6
32677239,Debate: Pediatric bipolar disorder - divided by a common language?,Stringaris A.,Child Adolesc Ment Health. 2019 Feb;24(1):106-107. doi: 10.1111/camh.12314.,Stringaris A,Child Adolesc Ment Health,2019,2020/07/18,,,10.1111/camh.12314
30606271,Modulation of anterior cingulate cortex reward and penalty signalling in medication-naive young-adult subjects with depressive symptoms following acute dose lurasidone,"Wolke SA, Mehta MA, O'Daly O, Zelaya F, Zahreddine N, Keren H, O'Callaghan G, Young AH, Leibenluft E, Pine DS, Stringaris A.",Psychol Med. 2019 Jun;49(8):1365-1377. doi: 10.1017/S0033291718003306. Epub 2019 Jan 4.,Wolke SA,Psychol Med,2019,2019/01/05,PMC6518385,,10.1017/S0033291718003306
30577933,Probing the Irritability-Suicidality Nexus,"Stringaris A, Vidal-Ribas P.",J Am Acad Child Adolesc Psychiatry. 2019 Jan;58(1):18-19. doi: 10.1016/j.jaac.2018.08.014.,Stringaris A,J Am Acad Child Adolesc Psychiatry,2019,2018/12/23,,,10.1016/j.jaac.2018.08.014
30450645,Editorial: Should child psychiatry be more like paediatric oncology?,"Stringaris A, Stringaris K.",J Child Psychol Psychiatry. 2018 Dec;59(12):1225-1227. doi: 10.1111/jcpp.13006.,Stringaris A,J Child Psychol Psychiatry,2018,2018/11/20,,,10.1111/jcpp.13006
30336704,Brain Mechanisms of Attention Orienting Following Frustration: Associations With Irritability and Age in Youths,"Tseng WL, Deveney CM, Stoddard J, Kircanski K, Frackman AE, Yi JY, Hsu D, Moroney E, Machlin L, Donahue L, Roule A, Perhamus G, Reynolds RC, Roberson-Nay R, Hettema JM, Towbin KE, Stringaris A, Pine DS, Brotman MA, Leibenluft E.",Am J Psychiatry. 2019 Jan 1;176(1):67-76. doi: 10.1176/appi.ajp.2018.18040491. Epub 2018 Oct 19.,Tseng WL,Am J Psychiatry,2019,2018/10/20,PMC6408218,NIHMS1505883,10.1176/appi.ajp.2018.18040491
32677303,Innovations in Practice: Body dysmorphic disorder in youth - using the Development and Well-Being Assessment as a tool to improve detection in routine clinical practice,"Buckley V, Krebs G, Bowyer L, Jassi A, Goodman R, Clark B, Stringaris A.",Child Adolesc Ment Health. 2018 Sep;23(3):291-294. doi: 10.1111/camh.12268. Epub 2018 Feb 28.,Buckley V,Child Adolesc Ment Health,2018,2020/07/18,,,10.1111/camh.12268
30119874,Structural Brain Connectivity in Childhood Disruptive Behavior Problems: A Multidimensional Approach,"Bolhuis K, Muetzel RL, Stringaris A, Hudziak JJ, Jaddoe VWV, Hillegers MHJ, White T, Kushner SA, Tiemeier H.",Biol Psychiatry. 2019 Feb 15;85(4):336-344. doi: 10.1016/j.biopsych.2018.07.005. Epub 2018 Aug 16.,Bolhuis K,Biol Psychiatry,2019,2018/08/19,,,10.1016/j.biopsych.2018.07.005
30111185,Early Variations in White Matter Microstructure and Depression Outcome in Adolescents With Subthreshold Depression,"Vulser H, Paillère Martinot ML, Artiges E, Miranda R, Penttilä J, Grimmer Y, van Noort BM, Stringaris A, Struve M, Fadai T, Kappel V, Goodman R, Tzavara E, Massaad C, Banaschewski T, Barker GJ, Bokde ALW, Bromberg U, Brühl R, Büchel C, Cattrell A, Conrod P, Desrivières S, Flor H, Frouin V, Gallinat J, Garavan H, Gowland P, Heinz A, Nees F, Papadopoulos-Orfanos D, Paus T, Poustka L, Rodehacke S, Smolka MN, Walter H, Whelan R, Schumann G, Martinot JL, Lemaitre H; IMAGEN Consortium.",Am J Psychiatry. 2018 Dec 1;175(12):1255-1264. doi: 10.1176/appi.ajp.2018.17070825. Epub 2018 Aug 16.,Vulser H,Am J Psychiatry,2018,2018/08/17,,,10.1176/appi.ajp.2018.17070825
30108313,Distinct brain structure and behavior related to ADHD and conduct disorder traits,"Bayard F, Nymberg Thunell C, Abé C, Almeida R, Banaschewski T, Barker G, Bokde ALW, Bromberg U, Büchel C, Quinlan EB, Desrivières S, Flor H, Frouin V, Garavan H, Gowland P, Heinz A, Ittermann B, Martinot JL, Martinot MP, Nees F, Orfanos DP, Paus T, Poustka L, Conrod P, Stringaris A, Struve M, Penttilä J, Kappel V, Grimmer Y, Fadai T, van Noort B, Smolka MN, Vetter NC, Walter H, Whelan R, Schumann G, Petrovic P; IMAGEN Consortium.",Mol Psychiatry. 2020 Nov;25(11):3020-3033. doi: 10.1038/s41380-018-0202-6. Epub 2018 Aug 14.,Bayard F,Mol Psychiatry,2020,2018/08/16,PMC7577834,,10.1038/s41380-018-0202-6
30004611,Deficits in emotion recognition are associated with depressive symptoms in youth with disruptive mood dysregulation disorder,"Vidal-Ribas P, Brotman MA, Salum GA, Kaiser A, Meffert L, Pine DS, Leibenluft E, Stringaris A.",Depress Anxiety. 2018 Dec;35(12):1207-1217. doi: 10.1002/da.22810. Epub 2018 Jul 13.,Vidal-Ribas P,Depress Anxiety,2018,2018/07/14,PMC9719110,NIHMS1847156,10.1002/da.22810
30003396,Dimensions and subtypes of oppositionality and their relation to comorbidity and psychosocial characteristics,"Wesselhoeft R, Stringaris A, Sibbersen C, Kristensen RV, Bojesen AB, Talati A.",Eur Child Adolesc Psychiatry. 2019 Mar;28(3):351-365. doi: 10.1007/s00787-018-1199-8. Epub 2018 Jul 12.,Wesselhoeft R,Eur Child Adolesc Psychiatry,2019,2018/07/14,,,10.1007/s00787-018-1199-8
29921146,Reward Processing in Depression: A Conceptual and Meta-Analytic Review Across fMRI and EEG Studies,"Keren H, O'Callaghan G, Vidal-Ribas P, Buzzell GA, Brotman MA, Leibenluft E, Pan PM, Meffert L, Kaiser A, Wolke S, Pine DS, Stringaris A.",Am J Psychiatry. 2018 Nov 1;175(11):1111-1120. doi: 10.1176/appi.ajp.2018.17101124. Epub 2018 Jun 20.,Keren H,Am J Psychiatry,2018,2018/06/21,PMC6345602,NIHMS1001794,10.1176/appi.ajp.2018.17101124
29889330,The initiation of cannabis use in adolescence is predicted by sex-specific psychosocial and neurobiological features,"Spechler PA, Allgaier N, Chaarani B, Whelan R, Watts R, Orr C, Albaugh MD, D'Alberto N, Higgins ST, Hudson KE, Mackey S, Potter A, Banaschewski T, Bokde ALW, Bromberg U, Büchel C, Cattrell A, Conrod PJ, Desrivières S, Flor H, Frouin V, Gallinat J, Gowland P, Heinz A, Ittermann B, Martinot JL, Paillère Martinot ML, Nees F, Papadopoulos Orfanos D, Paus T, Poustka L, Smolka MN, Walter H, Schumann G, Althoff RR, Garavan H; IMAGEN Consortium.",Eur J Neurosci. 2019 Aug;50(3):2346-2356. doi: 10.1111/ejn.13989. Epub 2018 Oct 15.,Spechler PA,Eur J Neurosci,2019,2018/06/12,PMC7444673,NIHMS1619308,10.1111/ejn.13989
29806217,Special Editorial: Open science and the Journal of Child Psychology & Psychiatry - next steps?,"Asarnow J, Bloch MH, Brandeis D, Alexandra Burt S, Fearon P, Fombonne E, Green J, Gregory A, Gunnar M, Halperin JM, Hollis C, Jaffee S, Klump K, Landau S, Lesch KP, Oldehinkel AJT, Peterson B, Ramchandani P, Sonuga-Barke E, Stringaris A, Zeanah CH.",J Child Psychol Psychiatry. 2018 Jul;59(7):826-827. doi: 10.1111/jcpp.12929. Epub 2018 May 28.,Asarnow J,J Child Psychol Psychiatry,2018,2018/05/29,,,10.1111/jcpp.12929
29777827,Is the encoding of Reward Prediction Error reliable during development?,"Keren H, Chen G, Benson B, Ernst M, Leibenluft E, Fox NA, Pine DS, Stringaris A.",Neuroimage. 2018 Sep;178:266-276. doi: 10.1016/j.neuroimage.2018.05.039. Epub 2018 May 16.,Keren H,Neuroimage,2018,2018/05/20,PMC7518449,NIHMS1069041,10.1016/j.neuroimage.2018.05.039
29667523,"Irritability, Externalizing, and Internalizing Psychopathology in Adolescence: Cross-Sectional and Longitudinal Associations and Moderation by Sex","Humphreys KL, Schouboe SNF, Kircanski K, Leibenluft E, Stringaris A, Gotlib IH.",J Clin Child Adolesc Psychol. 2019 Sep-Oct;48(5):781-789. doi: 10.1080/15374416.2018.1460847. Epub 2018 Apr 18.,Humphreys KL,J Clin Child Adolesc Psychol,2019,2018/04/19,PMC6215733,NIHMS1507406,10.1080/15374416.2018.1460847
29625429,A Latent Variable Approach to Differentiating Neural Mechanisms of Irritability and Anxiety in Youth,"Kircanski K, White LK, Tseng WL, Wiggins JL, Frank HR, Sequeira S, Zhang S, Abend R, Towbin KE, Stringaris A, Pine DS, Leibenluft E, Brotman MA.",JAMA Psychiatry. 2018 Jun 1;75(6):631-639. doi: 10.1001/jamapsychiatry.2018.0468.,Kircanski K,JAMA Psychiatry,2018,2018/04/07,PMC6137523,,10.1001/jamapsychiatry.2018.0468
29557190,Extending the Construct Network of Trait Disinhibition to the Neuroimaging Domain: Validation of a Bridging Scale for Use in the European IMAGEN Project,"Brislin SJ, Patrick CJ, Flor H, Nees F, Heinrich A, Drislane LE, Yancey JR, Banaschewski T, Bokde ALW, Bromberg U, Büchel C, Quinlan EB, Desrivières S, Frouin V, Garavan H, Gowland P, Heinz A, Ittermann B, Martinot JL, Martinot MP, Papadopoulos Orfanos D, Poustka L, Fröhner JH, Smolka MN, Walter H, Whelan R, Conrod P, Stringaris A, Struve M, van Noort B, Grimmer Y, Fadai T, Schumann G, Foell J.",Assessment. 2019 Jun;26(4):567-581. doi: 10.1177/1073191118759748. Epub 2018 Mar 20.,Brislin SJ,Assessment,2019,2018/03/21,,,10.1177/1073191118759748
29380069,Emotion regulation difficulties in traumatized youth: a meta-analysis and conceptual review,"Villalta L, Smith P, Hickin N, Stringaris A.",Eur Child Adolesc Psychiatry. 2018 Apr;27(4):527-544. doi: 10.1007/s00787-018-1105-4. Epub 2018 Jan 27.,Villalta L,Eur Child Adolesc Psychiatry,2018,2018/01/31,,,10.1007/s00787-018-1105-4
29243079,Should Clinicians Split or Lump Psychiatric Symptoms? The Structure of Psychopathology in Two Large Pediatric Clinical Samples from England and Norway,"Fernández de la Cruz L, Vidal-Ribas P, Zahreddine N, Mathiassen B, Brøndbo PH, Simonoff E, Goodman R, Stringaris A.",Child Psychiatry Hum Dev. 2018 Aug;49(4):607-620. doi: 10.1007/s10578-017-0777-1.,Fernández de la Cruz L,Child Psychiatry Hum Dev,2018,2017/12/16,PMC6019426,,10.1007/s10578-017-0777-1
29148049,Editorial: What is depression?,Stringaris A.,J Child Psychol Psychiatry. 2017 Dec;58(12):1287-1289. doi: 10.1111/jcpp.12844.,Stringaris A,J Child Psychol Psychiatry,2017,2017/11/18,,,10.1111/jcpp.12844
29083042,Practitioner Review: Current best practice in the use of parent training and other behavioural interventions in the treatment of children and adolescents with attention deficit hyperactivity disorder,"Daley D, Van Der Oord S, Ferrin M, Cortese S, Danckaerts M, Doepfner M, Van den Hoofdakker BJ, Coghill D, Thompson M, Asherson P, Banaschewski T, Brandeis D, Buitelaar J, Dittmann RW, Hollis C, Holtmann M, Konofal E, Lecendreux M, Rothenberger A, Santosh P, Simonoff E, Soutullo C, Steinhausen HC, Stringaris A, Taylor E, Wong ICK, Zuddas A, Sonuga-Barke EJ.",J Child Psychol Psychiatry. 2018 Sep;59(9):932-947. doi: 10.1111/jcpp.12825. Epub 2017 Oct 30.,Daley D,J Child Psychol Psychiatry,2018,2017/10/31,,,10.1111/jcpp.12825
29083031,"Practitioner Review: Definition, recognition, and treatment challenges of irritability in young people","Stringaris A, Vidal-Ribas P, Brotman MA, Leibenluft E.",J Child Psychol Psychiatry. 2018 Jul;59(7):721-739. doi: 10.1111/jcpp.12823. Epub 2017 Oct 30.,Stringaris A,J Child Psychol Psychiatry,2018,2017/10/31,,,10.1111/jcpp.12823
28949337,Investigating the genetic underpinnings of early-life irritability,"Riglin L, Eyre O, Cooper M, Collishaw S, Martin J, Langley K, Leibenluft E, Stringaris A, Thapar AK, Maughan B, O'Donovan MC, Thapar A.",Transl Psychiatry. 2017 Sep 26;7(9):e1241. doi: 10.1038/tp.2017.212.,Riglin L,Transl Psychiatry,2017,2017/09/27,PMC5639253,,10.1038/tp.2017.212
28946760,Ventral Striatum Functional Connectivity as a Predictor of Adolescent Depressive Disorder in a Longitudinal Community-Based Sample,"Pan PM, Sato JR, Salum GA, Rohde LA, Gadelha A, Zugman A, Mari J, Jackowski A, Picon F, Miguel EC, Pine DS, Leibenluft E, Bressan RA, Stringaris A.",Am J Psychiatry. 2017 Nov 1;174(11):1112-1119. doi: 10.1176/appi.ajp.2017.17040430. Epub 2017 Sep 26.,Pan PM,Am J Psychiatry,2017,2017/09/27,,,10.1176/appi.ajp.2017.17040430
28929496,A Methylome-Wide Association Study of Trajectories of Oppositional Defiant Behaviors and Biological Overlap With Attention Deficit Hyperactivity Disorder,"Barker ED, Walton E, Cecil CAM, Rowe R, Jaffee SR, Maughan B, O'Connor TG, Stringaris A, Meehan AJ, McArdle W, Relton CL, Gaunt TR.",Child Dev. 2018 Sep;89(5):1839-1855. doi: 10.1111/cdev.12957. Epub 2017 Sep 20.,Barker ED,Child Dev,2018,2017/09/21,PMC6207925,,10.1111/cdev.12957
28363151,Irritability in ADHD: Associations with depression liability,"Eyre O, Langley K, Stringaris A, Leibenluft E, Collishaw S, Thapar A.",J Affect Disord. 2017 Jun;215:281-287. doi: 10.1016/j.jad.2017.03.050. Epub 2017 Mar 25.,Eyre O,J Affect Disord,2017,2017/04/01,PMC5409953,,10.1016/j.jad.2017.03.050
28181512,"Sleep habits, academic performance, and the adolescent brain structure","Urrila AS, Artiges E, Massicotte J, Miranda R, Vulser H, Bézivin-Frere P, Lapidaire W, Lemaître H, Penttilä J, Conrod PJ, Garavan H, Paillère Martinot ML, Martinot JL; IMAGEN consortium.",Sci Rep. 2017 Feb 9;7:41678. doi: 10.1038/srep41678.,Urrila AS,Sci Rep,2017,2017/02/10,PMC5299428,,10.1038/srep41678
28103715,Irritability in Youths: A Translational Model,"Brotman MA, Kircanski K, Stringaris A, Pine DS, Leibenluft E.",Am J Psychiatry. 2017 Jun 1;174(6):520-532. doi: 10.1176/appi.ajp.2016.16070839. Epub 2017 Jan 20.,Brotman MA,Am J Psychiatry,2017,2017/01/21,,,10.1176/appi.ajp.2016.16070839
28073796,"Comparative efficacy and tolerability of pharmacological interventions for attention-deficit/hyperactivity disorder in children, adolescents and adults: protocol for a systematic review and network meta-analysis","Cortese S, Adamo N, Mohr-Jensen C, Hayes AJ, Bhatti S, Carucci S, Del Giovane C, Atkinson LZ, Banaschewski T, Simonoff E, Zuddas A, Barbui C, Purgato M, Steinhausen HC, Shokraneh F, Xia J, Cipriani A, Coghill D; European ADHD Guidelines Group (EAGG).",BMJ Open. 2017 Jan 10;7(1):e013967. doi: 10.1136/bmjopen-2016-013967.,Cortese S,BMJ Open,2017,2017/01/12,PMC5253538,,10.1136/bmjopen-2016-013967
27871646,The European ADHD Guidelines Group replies,"Cortese S, Brandeis D, Holtmann M, Sonuga-Barke EJ; European ADHD Guidelines Group (EAGG).",J Am Acad Child Adolesc Psychiatry. 2016 Dec;55(12):1092-1093. doi: 10.1016/j.jaac.2016.09.492.,Cortese S,J Am Acad Child Adolesc Psychiatry,2016,2016/11/23,,,10.1016/j.jaac.2016.09.492
27859345,Editorial: Boredom and developmental psychopathology,Stringaris A.,J Child Psychol Psychiatry. 2016 Dec;57(12):1335-1336. doi: 10.1111/jcpp.12664.,Stringaris A,J Child Psychol Psychiatry,2016,2016/11/19,,,10.1111/jcpp.12664
27782299,Association between irritability and bias in attention orienting to threat in children and adolescents,"Salum GA, Mogg K, Bradley BP, Stringaris A, Gadelha A, Pan PM, Rohde LA, Polanczyk GV, Manfro GG, Pine DS, Leibenluft E.",J Child Psychol Psychiatry. 2017 May;58(5):595-602. doi: 10.1111/jcpp.12659. Epub 2016 Oct 26.,Salum GA,J Child Psychol Psychiatry,2017,2016/10/27,PMC9891207,NIHMS1843539,10.1111/jcpp.12659
27692699,Empirically derived patterns of psychiatric symptoms in youth: A latent profile analysis,"Kircanski K, Zhang S, Stringaris A, Wiggins JL, Towbin KE, Pine DS, Leibenluft E, Brotman MA.",J Affect Disord. 2017 Jul;216:109-116. doi: 10.1016/j.jad.2016.09.016. Epub 2016 Sep 21.,Kircanski K,J Affect Disord,2017,2016/10/04,PMC5360533,NIHMS819991,10.1016/j.jad.2016.09.016
27469020,Pathways from maternal depression to young adult offspring depression: an exploratory longitudinal mediation analysis,"Koukounari A, Stringaris A, Maughan B.",Int J Methods Psychiatr Res. 2017 Jun;26(2):e1520. doi: 10.1002/mpr.1520. Epub 2016 Jul 29.,Koukounari A,Int J Methods Psychiatr Res,2017,2016/07/30,PMC5484332,,10.1002/mpr.1520
27351599,Disentangling the autism-anxiety overlap: fMRI of reward processing in a community-based longitudinal study,"Mikita N, Simonoff E, Pine DS, Goodman R, Artiges E, Banaschewski T, Bokde AL, Bromberg U, Büchel C, Cattrell A, Conrod PJ, Desrivières S, Flor H, Frouin V, Gallinat J, Garavan H, Heinz A, Ittermann B, Jurk S, Martinot JL, Paillère Martinot ML, Nees F, Papadopoulos Orfanos D, Paus T, Poustka L, Smolka MN, Walter H, Whelan R, Schumann G, Stringaris A.",Transl Psychiatry. 2016 Jun 28;6(6):e845. doi: 10.1038/tp.2016.107.,Mikita N,Transl Psychiatry,2016,2016/06/29,PMC4931605,,10.1038/tp.2016.107
27343883,The Status of Irritability in Psychiatry: A Conceptual and Quantitative Review,"Vidal-Ribas P, Brotman MA, Valdivieso I, Leibenluft E, Stringaris A.",J Am Acad Child Adolesc Psychiatry. 2016 Jul;55(7):556-70. doi: 10.1016/j.jaac.2016.04.014. Epub 2016 May 6.,Vidal-Ribas P,J Am Acad Child Adolesc Psychiatry,2016,2016/06/26,PMC4927461,,10.1016/j.jaac.2016.04.014
27313548,Emotional Experience and Awareness of Self: Functional MRI Studies of Depersonalization Disorder,"Medford N, Sierra M, Stringaris A, Giampietro V, Brammer MJ, David AS.",Front Psychol. 2016 Jun 2;7:432. doi: 10.3389/fpsyg.2016.00432. eCollection 2016.,Medford N,Front Psychol,2016,2016/06/18,PMC4890597,,10.3389/fpsyg.2016.00432
27238063,Neurofeedback for Attention-Deficit/Hyperactivity Disorder: Meta-Analysis of Clinical and Neuropsychological Outcomes From Randomized Controlled Trials,"Cortese S, Ferrin M, Brandeis D, Holtmann M, Aggensteiner P, Daley D, Santosh P, Simonoff E, Stevenson J, Stringaris A, Sonuga-Barke EJ; European ADHD Guidelines Group (EAGG).",J Am Acad Child Adolesc Psychiatry. 2016 Jun;55(6):444-55. doi: 10.1016/j.jaac.2016.03.007. Epub 2016 Apr 1.,Cortese S,J Am Acad Child Adolesc Psychiatry,2016,2016/05/31,,,10.1016/j.jaac.2016.03.007
27118025,Only complementary voices tell the truth: a reevaluation of validity in multi-informant approaches of child and adolescent clinical assessments,"Kaurin A, Egloff B, Stringaris A, Wessa M.",J Neural Transm (Vienna). 2016 Aug;123(8):981-90. doi: 10.1007/s00702-016-1543-4. Epub 2016 Apr 27.,Kaurin A,J Neural Transm (Vienna),2016,2016/04/28,,,10.1007/s00702-016-1543-4
26768523,Editorial: Neuroimaging in clinical psychiatry--when will the pay off begin?,Stringaris A.,J Child Psychol Psychiatry. 2015 Dec;56(12):1263-5. doi: 10.1111/jcpp.12490.,Stringaris A,J Child Psychol Psychiatry,2015,2016/01/16,,,10.1111/jcpp.12490
26762184,Diagnostic efficiency of the SDQ for parents to identify ADHD in the UK: a ROC analysis,"Algorta GP, Dodd AL, Stringaris A, Youngstrom EA.",Eur Child Adolesc Psychiatry. 2016 Sep;25(9):949-57. doi: 10.1007/s00787-015-0815-0. Epub 2016 Jan 14.,Algorta GP,Eur Child Adolesc Psychiatry,2016,2016/01/15,PMC4990620,,10.1007/s00787-015-0815-0
31997948,Emotion Dysregulation in Attention Deficit Hyperactivity Disorder,"Shaw P, Stringaris A, Nigg J, Leibenluft E.",Focus (Am Psychiatr Publ). 2016 Jan;14(1):127-144. doi: 10.1176/appi.focus.140102. Epub 2015 Dec 24.,Shaw P,Focus (Am Psychiatr Publ),2016,2020/01/31,PMC6524448,,10.1176/appi.focus.140102
26705858,"Annual Research Review: Transdiagnostic neuroscience of child and adolescent mental disorders--differentiating decision making in attention-deficit/hyperactivity disorder, conduct disorder, depression, and anxiety","Sonuga-Barke EJ, Cortese S, Fairchild G, Stringaris A.",J Child Psychol Psychiatry. 2016 Mar;57(3):321-49. doi: 10.1111/jcpp.12496. Epub 2015 Dec 26.,Sonuga-Barke EJ,J Child Psychol Psychiatry,2016,2015/12/27,PMC4762324,,10.1111/jcpp.12496
26703909,Positive Attributes Buffer the Negative Associations Between Low Intelligence and High Psychopathology With Educational Outcomes,"Hoffmann MS, Leibenluft E, Stringaris A, Laporte PP, Pan PM, Gadelha A, Manfro GG, Miguel EC, Rohde LA, Salum GA.",J Am Acad Child Adolesc Psychiatry. 2016 Jan;55(1):47-53. doi: 10.1016/j.jaac.2015.10.013. Epub 2015 Nov 10.,Hoffmann MS,J Am Acad Child Adolesc Psychiatry,2016,2015/12/26,PMC4695393,,10.1016/j.jaac.2015.10.013
26650482,Distinct relationships between social aptitude and dimensions of manic-like symptoms in youth,"Benarous X, Mikita N, Goodman R, Stringaris A.",Eur Child Adolesc Psychiatry. 2016 Aug;25(8):831-42. doi: 10.1007/s00787-015-0800-7. Epub 2015 Dec 9.,Benarous X,Eur Child Adolesc Psychiatry,2016,2015/12/10,PMC4967092,,10.1007/s00787-015-0800-7
26407493,Subthreshold depression and regional brain volumes in young community adolescents,"Vulser H, Lemaitre H, Artiges E, Miranda R, Penttilä J, Struve M, Fadai T, Kappel V, Grimmer Y, Goodman R, Stringaris A, Poustka L, Conrod P, Frouin V, Banaschewski T, Barker GJ, Bokde AL, Bromberg U, Büchel C, Flor H, Gallinat J, Garavan H, Gowland P, Heinz A, Ittermann B, Lawrence C, Loth E, Mann K, Nees F, Paus T, Pausova Z, Rietschel M, Robbins TW, Smolka MN, Schumann G, Martinot JL, Paillère-Martinot ML; IMAGEN Consortium (www.imagen-europe.com); IMAGEN Consortium www imagen-europe com.",J Am Acad Child Adolesc Psychiatry. 2015 Oct;54(10):832-40. doi: 10.1016/j.jaac.2015.07.006. Epub 2015 Aug 4.,Vulser H,J Am Acad Child Adolesc Psychiatry,2015,2015/09/27,PMC7614311,EMS170882,10.1016/j.jaac.2015.07.006
26184070,Gene-set and multivariate genome-wide association analysis of oppositional defiant behavior subtypes in attention-deficit/hyperactivity disorder,"Aebi M, van Donkelaar MM, Poelmans G, Buitelaar JK, Sonuga-Barke EJ, Stringaris A, Consortium I, Faraone SV, Franke B, Steinhausen HC, van Hulzen KJ.",Am J Med Genet B Neuropsychiatr Genet. 2016 Jul;171(5):573-88. doi: 10.1002/ajmg.b.32346. Epub 2015 Jul 16.,Aebi M,Am J Med Genet B Neuropsychiatr Genet,2016,2015/07/18,PMC4715802,NIHMS708018,10.1002/ajmg.b.32346
26085964,Using arterial spin labeling to examine mood states in youth,"Mikita N, Mehta MA, Zelaya FO, Stringaris A.",Brain Behav. 2015 Jun;5(6):e00339. doi: 10.1002/brb3.339. Epub 2015 Apr 20.,Mikita N,Brain Behav,2015,2015/06/19,PMC4467773,,10.1002/brb3.339
26085042,"The Brain's Response to Reward Anticipation and Depression in Adolescence: Dimensionality, Specificity, and Longitudinal Predictions in a Community-Based Sample","Stringaris A, Vidal-Ribas Belil P, Artiges E, Lemaitre H, Gollier-Briant F, Wolke S, Vulser H, Miranda R, Penttilä J, Struve M, Fadai T, Kappel V, Grimmer Y, Goodman R, Poustka L, Conrod P, Cattrell A, Banaschewski T, Bokde AL, Bromberg U, Büchel C, Flor H, Frouin V, Gallinat J, Garavan H, Gowland P, Heinz A, Ittermann B, Nees F, Papadopoulos D, Paus T, Smolka MN, Walter H, Whelan R, Martinot JL, Schumann G, Paillère-Martinot ML; IMAGEN Consortium.",Am J Psychiatry. 2015 Dec;172(12):1215-23. doi: 10.1176/appi.ajp.2015.14101298. Epub 2015 Jun 18.,Stringaris A,Am J Psychiatry,2015,2015/06/19,PMC7614275,EMS170883,10.1176/appi.ajp.2015.14101298
25721181,Cognitive training for attention-deficit/hyperactivity disorder: meta-analysis of clinical and neuropsychological outcomes from randomized controlled trials,"Cortese S, Ferrin M, Brandeis D, Buitelaar J, Daley D, Dittmann RW, Holtmann M, Santosh P, Stevenson J, Stringaris A, Zuddas A, Sonuga-Barke EJ; European ADHD Guidelines Group (EAGG).",J Am Acad Child Adolesc Psychiatry. 2015 Mar;54(3):164-74. doi: 10.1016/j.jaac.2014.12.010. Epub 2014 Dec 29.,Cortese S,J Am Acad Child Adolesc Psychiatry,2015,2015/02/28,PMC4382075,,10.1016/j.jaac.2014.12.010
25665134,Pathways from maternal depressive symptoms to adolescent depressive symptoms: the unique contribution of irritability symptoms,"Whelan YM, Leibenluft E, Stringaris A, Barker ED.",J Child Psychol Psychiatry. 2015 Oct;56(10):1092-100. doi: 10.1111/jcpp.12395. Epub 2015 Feb 9.,Whelan YM,J Child Psychol Psychiatry,2015,2015/02/10,PMC4855627,,10.1111/jcpp.12395
25626926,Irritability in boys with autism spectrum disorders: an investigation of physiological reactivity,"Mikita N, Hollocks MJ, Papadopoulos AS, Aslani A, Harrison S, Leibenluft E, Simonoff E, Stringaris A.",J Child Psychol Psychiatry. 2015 Oct;56(10):1118-26. doi: 10.1111/jcpp.12382. Epub 2015 Jan 28.,Mikita N,J Child Psychol Psychiatry,2015,2015/01/29,PMC4737220,,10.1111/jcpp.12382
25524791,Treatment of children with attention-deficit/hyperactivity disorder (ADHD) and irritability: results from the multimodal treatment study of children with ADHD (MTA),"Fernández de la Cruz L, Simonoff E, McGough JJ, Halperin JM, Arnold LE, Stringaris A.",J Am Acad Child Adolesc Psychiatry. 2015 Jan;54(1):62-70.e3. doi: 10.1016/j.jaac.2014.10.006. Epub 2014 Oct 18.,Fernández de la Cruz L,J Am Acad Child Adolesc Psychiatry,2015,2014/12/20,PMC4284308,,10.1016/j.jaac.2014.10.006
25511316,Are stressful life events causally related to the severity of obsessive-compulsive symptoms? A monozygotic twin difference study,"Vidal-Ribas P, Stringaris A, Rück C, Serlachius E, Lichtenstein P, Mataix-Cols D.",Eur Psychiatry. 2015 Feb;30(2):309-16. doi: 10.1016/j.eurpsy.2014.11.008. Epub 2014 Dec 12.,Vidal-Ribas P,Eur Psychiatry,2015,2014/12/17,PMC4331096,,10.1016/j.eurpsy.2014.11.008
25504765,A prospective study of severe irritability in youths: 2- and 4-year follow-up,"Deveney CM, Hommer RE, Reeves E, Stringaris A, Hinton KE, Haring CT, Vidal-Ribas P, Towbin K, Brotman MA, Leibenluft E.",Depress Anxiety. 2015 May;32(5):364-72. doi: 10.1002/da.22336. Epub 2014 Dec 12.,Deveney CM,Depress Anxiety,2015,2014/12/16,PMC10530700,NIHMS1921837,10.1002/da.22336
25440314,In reply,"Stringaris A, Youngstrom E.",J Am Acad Child Adolesc Psychiatry. 2014 Nov;53(11):1235-6. doi: 10.1016/j.jaac.2014.08.007. Epub 2014 Oct 23.,Stringaris A,J Am Acad Child Adolesc Psychiatry,2014,2014/12/03,,,10.1016/j.jaac.2014.08.007
25440309,Developmental trajectories of irritability and bidirectional associations with maternal depression,"Wiggins JL, Mitchell C, Stringaris A, Leibenluft E.","J Am Acad Child Adolesc Psychiatry. 2014 Nov;53(11):1191-205, 1205.e1-4. doi: 10.1016/j.jaac.2014.08.005. Epub 2014 Sep 3.",Wiggins JL,J Am Acad Child Adolesc Psychiatry,2014,2014/12/03,PMC4254549,NIHMS625501,10.1016/j.jaac.2014.08.005
25359925,Positive attributes in children and reduced risk of future psychopathology,"Vidal-Ribas P, Goodman R, Stringaris A.",Br J Psychiatry. 2015 Jan;206(1):17-25. doi: 10.1192/bjp.bp.114.144519. Epub 2014 Oct 30.,Vidal-Ribas P,Br J Psychiatry,2015,2014/11/01,PMC4283589,,10.1192/bjp.bp.114.144519
25306851,Editorial: Trials and tribulations in child psychology and psychiatry: what is needed for evidence-based practice,Stringaris A.,J Child Psychol Psychiatry. 2014 Nov;55(11):1185-6. doi: 10.1111/jcpp.12343.,Stringaris A,J Child Psychol Psychiatry,2014,2014/10/14,,,10.1111/jcpp.12343
25062591,Behavioral interventions in attention-deficit/hyperactivity disorder: a meta-analysis of randomized controlled trials across multiple outcome domains,"Daley D, van der Oord S, Ferrin M, Danckaerts M, Doepfner M, Cortese S, Sonuga-Barke EJ; European ADHD Guidelines Group.","J Am Acad Child Adolesc Psychiatry. 2014 Aug;53(8):835-47, 847.e1-5. doi: 10.1016/j.jaac.2014.05.013. Epub 2014 Jun 26.",Daley D,J Am Acad Child Adolesc Psychiatry,2014,2014/07/27,,,10.1016/j.jaac.2014.05.013
24965798,Determination of psychosis-related clinical profiles in children with autism spectrum disorders using latent class analysis,"Kyriakopoulos M, Stringaris A, Manolesou S, Radobuljac MD, Jacobs B, Reichenberg A, Stahl D, Simonoff E, Frangou S.",Eur Child Adolesc Psychiatry. 2015 Mar;24(3):301-7. doi: 10.1007/s00787-014-0576-1. Epub 2014 Jun 26.,Kyriakopoulos M,Eur Child Adolesc Psychiatry,2015,2014/06/27,PMC4224587,EMS59824,10.1007/s00787-014-0576-1
24865127,Dimensions of manic symptoms in youth: psychosocial impairment and cognitive performance in the IMAGEN sample,"Stringaris A, Castellanos-Ryan N, Banaschewski T, Barker GJ, Bokde AL, Bromberg U, Büchel C, Fauth-Bühler M, Flor H, Frouin V, Gallinat J, Garavan H, Gowland P, Heinz A, Itterman B, Lawrence C, Nees F, Paillere-Martinot ML, Paus T, Pausova Z, Rietschel M, Smolka MN, Schumann G, Goodman R, Conrod P; Imagen Consortium.",J Child Psychol Psychiatry. 2014 Dec;55(12):1380-9. doi: 10.1111/jcpp.12255. Epub 2014 May 28.,Stringaris A,J Child Psychol Psychiatry,2014,2014/05/29,PMC4167034,EMS58929,10.1111/jcpp.12255
24839881,"Manic symptoms in youth: dimensions, latent classes, and associations with parental psychopathology","Pan PM, Salum GA, Gadelha A, Moriyama T, Cogo-Moreira H, Graeff-Martins AS, Rosario MC, Polanczyk GV, Brietzke E, Rohde LA, Stringaris A, Goodman R, Leibenluft E, Bressan RA.",J Am Acad Child Adolesc Psychiatry. 2014 Jun;53(6):625-634.e2. doi: 10.1016/j.jaac.2014.03.003. Epub 2014 Mar 22.,Pan PM,J Am Acad Child Adolesc Psychiatry,2014,2014/05/21,PMC4477846,NIHMS699958,10.1016/j.jaac.2014.03.003
24839878,Unpacking the differences in US/UK rates of clinical diagnoses of early-onset bipolar disorder,"Stringaris A, Youngstrom E.",J Am Acad Child Adolesc Psychiatry. 2014 Jun;53(6):609-11. doi: 10.1016/j.jaac.2014.02.013.,Stringaris A,J Am Acad Child Adolesc Psychiatry,2014,2014/05/21,,,10.1016/j.jaac.2014.02.013
24764545,Developmental pathways from childhood conduct problems to early adult depression: findings from the ALSPAC cohort,"Stringaris A, Lewis G, Maughan B.",Br J Psychiatry. 2014 Jul;205(1):17-23. doi: 10.1192/bjp.bp.113.134221. Epub 2014 Apr 24.,Stringaris A,Br J Psychiatry,2014,2014/04/26,PMC4076653,,10.1192/bjp.bp.113.134221
24480998,Emotion dysregulation in attention deficit hyperactivity disorder,"Shaw P, Stringaris A, Nigg J, Leibenluft E.",Am J Psychiatry. 2014 Mar;171(3):276-93. doi: 10.1176/appi.ajp.2013.13070966.,Shaw P,Am J Psychiatry,2014,2014/02/01,PMC4282137,NIHMS646954,10.1176/appi.ajp.2013.13070966
24443797,DSM-5 disruptive mood dysregulation disorder: correlates and predictors in young children,"Dougherty LR, Smith VC, Bufferd SJ, Carlson GA, Stringaris A, Leibenluft E, Klein DN.",Psychol Med. 2014 Aug;44(11):2339-50. doi: 10.1017/S0033291713003115. Epub 2014 Jan 21.,Dougherty LR,Psychol Med,2014,2014/01/22,PMC4480202,NIHMS699950,10.1017/S0033291713003115
24428689,Editorial: mood disorders in families: ways to discovery,Stringaris A.,J Child Psychol Psychiatry. 2014;55(2):97-8. doi: 10.1111/jcpp.12203.,Stringaris A,J Child Psychol Psychiatry,2014,2014/01/17,,,10.1111/jcpp.12203
24290463,Preschool irritability: longitudinal associations with psychiatric disorders at age 6 and parental psychopathology,"Dougherty LR, Smith VC, Bufferd SJ, Stringaris A, Leibenluft E, Carlson GA, Klein DN.",J Am Acad Child Adolesc Psychiatry. 2013 Dec;52(12):1304-13. doi: 10.1016/j.jaac.2013.09.007. Epub 2013 Sep 26.,Dougherty LR,J Am Acad Child Adolesc Psychiatry,2013,2013/12/03,PMC3860177,NIHMS527821,10.1016/j.jaac.2013.09.007
24142126,"Irritability in children and adolescents: past concepts, current debates, and future opportunities","Krieger FV, Leibenluft E, Stringaris A, Polanczyk GV.",Braz J Psychiatry. 2013;35 Suppl 1(0 1):S32-9. doi: 10.1590/1516-4446-2013-S107.,Krieger FV,Braz J Psychiatry,2013,2013/10/22,PMC4470558,NIHMS699954,10.1590/1516-4446-2013-S107
32847250,Commentary: bipolar disorder in children and adolescents - good to have the evidence,Stringaris A.,Child Adolesc Ment Health. 2013 Sep;18(3):149-150. doi: 10.1111/camh.12036. Epub 2013 Jul 12.,Stringaris A,Child Adolesc Ment Health,2013,2020/08/28,,,10.1111/camh.12036
23972698,"Developmental continuity of oppositional defiant disorder subdimensions at ages 8, 10, and 13 years and their distinct psychiatric outcomes at age 16 years","Whelan YM, Stringaris A, Maughan B, Barker ED.",J Am Acad Child Adolesc Psychiatry. 2013 Sep;52(9):961-9. doi: 10.1016/j.jaac.2013.06.013. Epub 2013 Aug 1.,Whelan YM,J Am Acad Child Adolesc Psychiatry,2013,2013/08/27,PMC4026040,EMS58585,10.1016/j.jaac.2013.06.013
23920118,Aetiological overlap between obsessive-compulsive and depressive symptoms: a longitudinal twin study in adolescents and adults,"Bolhuis K, McAdams TA, Monzani B, Gregory AM, Mataix-Cols D, Stringaris A, Eley TC.",Psychol Med. 2014 May;44(7):1439-49. doi: 10.1017/S0033291713001591. Epub 2013 Aug 7.,Bolhuis K,Psychol Med,2014,2013/08/08,PMC3959155,EMS54234,10.1017/S0033291713001591
23880493,"Irritable mood as a symptom of depression in youth: prevalence, developmental, and clinical correlates in the Great Smoky Mountains Study","Stringaris A, Maughan B, Copeland WS, Costello EJ, Angold A.",J Am Acad Child Adolesc Psychiatry. 2013 Aug;52(8):831-40. doi: 10.1016/j.jaac.2013.05.017. Epub 2013 Jul 3.,Stringaris A,J Am Acad Child Adolesc Psychiatry,2013,2013/07/25,PMC3728563,,10.1016/j.jaac.2013.05.017
23818321,Irritability in child and adolescent anxiety disorders,"Stoddard J, Stringaris A, Brotman MA, Montville D, Pine DS, Leibenluft E.",Depress Anxiety. 2014 Jul;31(7):566-73. doi: 10.1002/da.22151. Epub 2013 Jul 1.,Stoddard J,Depress Anxiety,2014,2013/07/03,PMC3937265,NIHMS494235,10.1002/da.22151
23749629,"Bipolar disorder and disruptive mood dysregulation in children and adolescents: assessment, diagnosis and treatment","Krieger FV, Stringaris A.",Evid Based Ment Health. 2013 Nov;16(4):93-4. doi: 10.1136/eb-2013-101400. Epub 2013 Jun 8.,Krieger FV,Evid Based Ment Health,2013,2013/06/11,,,10.1136/eb-2013-101400
23702441,Here/in this issue and there/abstract thinking: gene effects cross the boundaries of psychiatric disorders,Stringaris A.,J Am Acad Child Adolesc Psychiatry. 2013 Jun;52(6):557-8. doi: 10.1016/j.jaac.2013.03.015.,Stringaris A,J Am Acad Child Adolesc Psychiatry,2013,2013/05/25,PMC7614276,EMS170884,10.1016/j.jaac.2013.03.015
23677767,The value of measuring impact alongside symptoms in children and adolescents: a longitudinal assessment in a community sample,"Stringaris A, Goodman R.",J Abnorm Child Psychol. 2013 Oct;41(7):1109-20. doi: 10.1007/s10802-013-9744-x.,Stringaris A,J Abnorm Child Psychol,2013,2013/05/17,PMC3755220,,10.1007/s10802-013-9744-x
23662786,Editorial: The new DSM is coming--it needs tough love...,Stringaris A.,J Child Psychol Psychiatry. 2013 May;54(5):501-2. doi: 10.1111/jcpp.12078.,Stringaris A,J Child Psychol Psychiatry,2013,2013/05/14,PMC3736248,,10.1111/jcpp.12078
23582870,Dimensions of oppositionality in a Brazilian community sample: testing the DSM-5 proposal and etiological links,"Krieger FV, Polanczyk VG, Goodman R, Rohde LA, Graeff-Martins AS, Salum G, Gadelha A, Pan P, Stahl D, Stringaris A.",J Am Acad Child Adolesc Psychiatry. 2013 Apr;52(4):389-400.e1. doi: 10.1016/j.jaac.2013.01.004.,Krieger FV,J Am Acad Child Adolesc Psychiatry,2013,2013/04/16,PMC3834546,EMS55595,10.1016/j.jaac.2013.01.004
23390431,Depression in childhood and adolescence,"Maughan B, Collishaw S, Stringaris A.",J Can Acad Child Adolesc Psychiatry. 2013 Feb;22(1):35-40.,Maughan B,J Can Acad Child Adolesc Psychiatry,2013,2013/02/08,PMC3565713,,
23294014,Practitioner review: current best practice in the management of adverse events during treatment with ADHD medications in children and adolescents,"Cortese S, Holtmann M, Banaschewski T, Buitelaar J, Coghill D, Danckaerts M, Dittmann RW, Graham J, Taylor E, Sergeant J; European ADHD Guidelines Group.",J Child Psychol Psychiatry. 2013 Mar;54(3):227-46. doi: 10.1111/jcpp.12036. Epub 2013 Jan 7.,Cortese S,J Child Psychol Psychiatry,2013,2013/01/09,,,10.1111/jcpp.12036
25923389,Cross-cultural adaptation and preliminary psychometric properties of the Affective Reactivity Index in Brazilian Youth: implications for DSM-5 measured irritability,"DeSousa DA, Stringaris A, Leibenluft E, Koller SH, Manfro GG, Salum GA.",Trends Psychiatry Psychother. 2013;35(3):171-80. doi: 10.1590/s2237-60892013000300004.,DeSousa DA,Trends Psychiatry Psychother,2013,2015/04/30,PMC7614278,EMS170885,10.1590/s2237-60892013000300004
23229139,Mood dysregulation,"Mikita N, Stringaris A.",Eur Child Adolesc Psychiatry. 2013 Feb;22 Suppl 1(Suppl 1):S11-6. doi: 10.1007/s00787-012-0355-9.,Mikita N,Eur Child Adolesc Psychiatry,2013,2012/12/12,PMC3560944,,10.1007/s00787-012-0355-9
23200277,Predicting treatment outcomes: encouraging findings from neuroimaging,Stringaris A.,J Am Acad Child Adolesc Psychiatry. 2012 Dec;51(12):1227-8. doi: 10.1016/j.jaac.2012.09.019.,Stringaris A,J Am Acad Child Adolesc Psychiatry,2012,2012/12/04,PMC7614277,EMS170886,10.1016/j.jaac.2012.09.019
23061783,Mood dysregulation across developmental psychopathology--general concepts and disorder specific expressions,"Stringaris A, Rowe R, Maughan B.",J Child Psychol Psychiatry. 2012 Nov;53(11):1095-7. doi: 10.1111/jcpp.12003.,Stringaris A,J Child Psychol Psychiatry,2012,2012/10/16,,,10.1111/jcpp.12003
22957831,Temper outbursts in paediatric obsessive-compulsive disorder and their association with depressed mood and treatment outcome,"Krebs G, Bolhuis K, Heyman I, Mataix-Cols D, Turner C, Stringaris A.",J Child Psychol Psychiatry. 2013 Mar;54(3):313-22. doi: 10.1111/j.1469-7610.2012.02605.x. Epub 2012 Sep 8.,Krebs G,J Child Psychol Psychiatry,2013,2012/09/11,PMC4026039,EMS58586,10.1111/j.1469-7610.2012.02605.x
22917198,What we can all learn from the Treatment of Early Age Mania (TEAM) trial,Stringaris A.,J Am Acad Child Adolesc Psychiatry. 2012 Sep;51(9):861-3. doi: 10.1016/j.jaac.2012.06.014.,Stringaris A,J Am Acad Child Adolesc Psychiatry,2012,2012/08/25,,,10.1016/j.jaac.2012.06.014
22722664,The use of the development and well-being assessment (DAWBA) in clinical practice: a randomized trial,"Aebi M, Kuhn C, Metzke CW, Stringaris A, Goodman R, Steinhausen HC.",Eur Child Adolesc Psychiatry. 2012 Oct;21(10):559-67. doi: 10.1007/s00787-012-0293-6. Epub 2012 Jun 22.,Aebi M,Eur Child Adolesc Psychiatry,2012,2012/06/23,PMC3866649,EMS53307,10.1007/s00787-012-0293-6
22632613,In this issue/abstract thinking: treatment response in psychiatry,Stringaris A.,J Am Acad Child Adolesc Psychiatry. 2012 Jun;51(6):561-2. doi: 10.1016/j.jaac.2012.03.014.,Stringaris A,J Am Acad Child Adolesc Psychiatry,2012,2012/05/29,PMC3401368,,10.1016/j.jaac.2012.03.014
22581312,A developmental study of the neural circuitry mediating motor inhibition in bipolar disorder,"Weathers JD, Stringaris A, Deveney CM, Brotman MA, Zarate CA Jr, Connolly ME, Fromm SJ, LeBourdais SB, Pine DS, Leibenluft E.",Am J Psychiatry. 2012 Jun;169(6):633-41. doi: 10.1176/appi.ajp.2012.11081244.,Weathers JD,Am J Psychiatry,2012,2012/05/15,PMC3466815,NIHMS402442,10.1176/appi.ajp.2012.11081244
22574736,The Affective Reactivity Index: a concise irritability scale for clinical and research settings,"Stringaris A, Goodman R, Ferdinando S, Razdan V, Muhrer E, Leibenluft E, Brotman MA.",J Child Psychol Psychiatry. 2012 Nov;53(11):1109-17. doi: 10.1111/j.1469-7610.2012.02561.x. Epub 2012 May 10.,Stringaris A,J Child Psychol Psychiatry,2012,2012/05/12,PMC3484687,NIHMS412753,10.1111/j.1469-7610.2012.02561.x
22569307,Mood regulation in youth: research findings and clinical approaches to irritability and short-lived episodes of mania-like symptoms,"Leigh E, Smith P, Milavic G, Stringaris A.",Curr Opin Psychiatry. 2012 Jul;25(4):271-6. doi: 10.1097/YCO.0b013e3283534982.,Leigh E,Curr Opin Psychiatry,2012,2012/05/10,PMC3660700,EMS53156,10.1097/YCO.0b013e3283534982
22441888,"The impact of persisting hyperactivity on social relationships: a community-based, controlled 20-year follow-up study","Moyá J, Stringaris AK, Asherson P, Sandberg S, Taylor E.",J Atten Disord. 2014 Jan;18(1):52-60. doi: 10.1177/1087054712436876. Epub 2012 Mar 21.,Moyá J,J Atten Disord,2014,2012/03/24,PMC3867339,EMS53162,10.1177/1087054712436876
22193524,Adolescent irritability: phenotypic associations and genetic links with depressed mood,"Stringaris A, Zavos H, Leibenluft E, Maughan B, Eley TC.",Am J Psychiatry. 2012 Jan;169(1):47-54. doi: 10.1176/appi.ajp.2011.10101549. Epub 2011 Oct 31.,Stringaris A,Am J Psychiatry,2012,2011/12/24,PMC3660701,EMS53163,10.1176/appi.ajp.2011.10101549
22115137,In this issue/abstract thinking: clinical diagnoses and the future of biomarkers,Stringaris A.,J Am Acad Child Adolesc Psychiatry. 2011 Dec;50(12):1197-8. doi: 10.1016/j.jaac.2011.09.011.,Stringaris A,J Am Acad Child Adolesc Psychiatry,2011,2011/11/26,,,10.1016/j.jaac.2011.09.011
21625986,Dimensions and latent classes of episodic mania-like symptoms in youth: an empirical enquiry,"Stringaris A, Stahl D, Santosh P, Goodman R.",J Abnorm Child Psychol. 2011 Oct;39(7):925-37. doi: 10.1007/s10802-011-9520-8.,Stringaris A,J Abnorm Child Psychol,2011,2011/06/01,PMC3161193,,10.1007/s10802-011-9520-8
32847219,Bipolar Disorder in Children and Adolescents Recognised in the UK: A Clinic-Based Study,"Chan J, Stringaris A, Ford T.",Child Adolesc Ment Health. 2011 May;16(2):71-78. doi: 10.1111/j.1475-3588.2010.00566.x.,Chan J,Child Adolesc Ment Health,2011,2020/08/28,,,10.1111/j.1475-3588.2010.00566.x
21298306,Irritability in children and adolescents: a challenge for DSM-5,Stringaris A.,Eur Child Adolesc Psychiatry. 2011 Feb;20(2):61-6. doi: 10.1007/s00787-010-0150-4. Epub 2011 Feb 5.,Stringaris A,Eur Child Adolesc Psychiatry,2011,2011/02/08,,,10.1007/s00787-010-0150-4
21093765,"Abstract thinking: environmental modification, development, and psychopathology",Stringaris A.,J Am Acad Child Adolesc Psychiatry. 2010 Dec;49(12):1180. doi: 10.1016/j.jaac.2010.09.010.,Stringaris A,J Am Acad Child Adolesc Psychiatry,2010,2010/11/25,,,10.1016/j.jaac.2010.09.010
20431467,What's in a disruptive disorder? Temperamental antecedents of oppositional defiant disorder: findings from the Avon longitudinal study,"Stringaris A, Maughan B, Goodman R.",J Am Acad Child Adolesc Psychiatry. 2010 May;49(5):474-83. doi: 10.1097/00004583-201005000-00008.,Stringaris A,J Am Acad Child Adolesc Psychiatry,2010,2010/05/01,,,10.1097/00004583-201005000-00008
20410732,Pediatric bipolar disorder versus severe mood dysregulation: risk for manic episodes on follow-up,"Stringaris A, Baroni A, Haimm C, Brotman M, Lowe CH, Myers F, Rustgi E, Wheeler W, Kayser R, Towbin K, Leibenluft E.",J Am Acad Child Adolesc Psychiatry. 2010 Apr;49(4):397-405.,Stringaris A,J Am Acad Child Adolesc Psychiatry,2010,2010/04/23,PMC3000433,NIHMS254740,
20132417,Emotional lability in children and adolescents with attention deficit/hyperactivity disorder (ADHD): clinical correlates and familial prevalence,"Sobanski E, Banaschewski T, Asherson P, Buitelaar J, Chen W, Franke B, Holtmann M, Krumm B, Sergeant J, Sonuga-Barke E, Stringaris A, Taylor E, Anney R, Ebstein RP, Gill M, Miranda A, Mulas F, Oades RD, Roeyers H, Rothenberger A, Steinhausen HC, Faraone SV.",J Child Psychol Psychiatry. 2010 Aug;51(8):915-23. doi: 10.1111/j.1469-7610.2010.02217.x. Epub 2010 Feb 1.,Sobanski E,J Child Psychol Psychiatry,2010,2010/02/06,,,10.1111/j.1469-7610.2010.02217.x
19686330,Youth meeting symptom and impairment criteria for mania-like episodes lasting less than four days: an epidemiological enquiry,"Stringaris A, Santosh P, Leibenluft E, Goodman R.",J Child Psychol Psychiatry. 2010 Jan;51(1):31-8. doi: 10.1111/j.1469-7610.2009.02129.x. Epub 2009 Jul 22.,Stringaris A,J Child Psychol Psychiatry,2010,2009/08/19,PMC4286871,NIHMS140358,10.1111/j.1469-7610.2009.02129.x
19570932,Adult outcomes of youth irritability: a 20-year prospective community-based study,"Stringaris A, Cohen P, Pine DS, Leibenluft E.",Am J Psychiatry. 2009 Sep;166(9):1048-54. doi: 10.1176/appi.ajp.2009.08121849. Epub 2009 Jul 1.,Stringaris A,Am J Psychiatry,2009,2009/07/03,PMC2791884,NIHMS161019,10.1176/appi.ajp.2009.08121849
19318881,"Longitudinal outcome of youth oppositionality: irritable, headstrong, and hurtful behaviors have distinctive predictions","Stringaris A, Goodman R.",J Am Acad Child Adolesc Psychiatry. 2009 Apr;48(4):404-412. doi: 10.1097/CHI.0b013e3181984f30.,Stringaris A,J Am Acad Child Adolesc Psychiatry,2009,2009/03/26,,,10.1097/CHI.0b013e3181984f30
19166573,Three dimensions of oppositionality in youth,"Stringaris A, Goodman R.",J Child Psychol Psychiatry. 2009 Mar;50(3):216-23. doi: 10.1111/j.1469-7610.2008.01989.x. Epub 2008 Oct 23.,Stringaris A,J Child Psychol Psychiatry,2009,2009/01/27,,,10.1111/j.1469-7610.2008.01989.x
19079807,Mood lability and psychopathology in youth,"Stringaris A, Goodman R.",Psychol Med. 2009 Aug;39(8):1237-45. doi: 10.1017/S0033291708004662. Epub 2008 Dec 11.,Stringaris A,Psychol Med,2009,2008/12/17,,,10.1017/S0033291708004662
17638124,Glycerol does not reduce neuronal damage in experimental Streptococcus pneumoniae meningitis in rabbits,"Schmidt H, Stuertz K, Chen V, Stringaris AK, Brück W, Nau R.",Inflammopharmacology. 1998;6(1):19-26. doi: 10.1007/s10787-998-0003-7.,Schmidt H,Inflammopharmacology,1998,2007/07/20,,,10.1007/s10787-998-0003-7
16963282,How metaphors influence semantic relatedness judgments: the role of the right frontal cortex,"Stringaris AK, Medford N, Giora R, Giampietro VC, Brammer MJ, David AS.",Neuroimage. 2006 Nov 1;33(2):784-93. doi: 10.1016/j.neuroimage.2006.06.057. Epub 2006 Sep 11.,Stringaris AK,Neuroimage,2006,2006/09/12,,,10.1016/j.neuroimage.2006.06.057
16165201,"Deriving meaning: Distinct neural mechanisms for metaphoric, literal, and non-meaningful sentences","Stringaris AK, Medford NC, Giampietro V, Brammer MJ, David AS.",Brain Lang. 2007 Feb;100(2):150-62. doi: 10.1016/j.bandl.2005.08.001. Epub 2005 Sep 13.,Stringaris AK,Brain Lang,2007,2005/09/17,,,10.1016/j.bandl.2005.08.001
14688201,Neuronal injury mediated via stimulation of microglial toll-like receptor-9 (TLR9),"Iliev AI, Stringaris AK, Nau R, Neumann H.",FASEB J. 2004 Feb;18(2):412-4. doi: 10.1096/fj.03-0670fje. Epub 2003 Dec 19.,Iliev AI,FASEB J,2004,2003/12/23,,,10.1096/fj.03-0670fje
12586546,"Neurotoxicity of pneumolysin, a major pneumococcal virulence factor, involves calcium influx and depends on activation of p38 mitogen-activated protein kinase","Stringaris AK, Geisenhainer J, Bergmann F, Balshüsemann C, Lee U, Zysk G, Mitchell TJ, Keller BU, Kuhnt U, Gerber J, Spreer A, Bähr M, Michel U, Nau R.",Neurobiol Dis. 2002 Dec;11(3):355-68. doi: 10.1006/nbdi.2002.0561.,Stringaris AK,Neurobiol Dis,2002,2003/02/15,,,10.1006/nbdi.2002.0561
11124865,Follistatin (FS) in human cerebrospinal fluid and regulation of FS expression in a mouse model of meningitis,"Michel U, Ebert S, Schneider O, Shintani Y, Bunkowski S, Smirnov A, Stringaris A, Gerber J, Brück W, Nau R.",Eur J Endocrinol. 2000 Dec;143(6):809-16. doi: 10.1530/eje.0.1430809.,Michel U,Eur J Endocrinol,2000,2000/12/22,,,10.1530/eje.0.1430809
10777698,Differential expression of sense and antisense transcripts of the mitochondrial DNA region coding for ATPase 6 in fetal and adult porcine brain: identification of novel unusually assembled mitochondrial RNAs,"Michel U, Stringaris AK, Nau R, Rieckmann P.",Biochem Biophys Res Commun. 2000 Apr 29;271(1):170-80. doi: 10.1006/bbrc.2000.2595.,Michel U,Biochem Biophys Res Commun,2000,2000/04/25,,,10.1006/bbrc.2000.2595
10543631,Inflammatory CNS demyelination: histopathologic correlation with in vivo quantitative proton MR spectroscopy,"Bitsch A, Bruhn H, Vougioukas V, Stringaris A, Lassmann H, Frahm J, Brück W.",AJNR Am J Neuroradiol. 1999 Oct;20(9):1619-27.,Bitsch A,AJNR Am J Neuroradiol,1999,1999/10/30,PMC7056180,,
10320640,"Intravenous granulocyte colony-stimulating factor increases the release of tumour necrosis factor and interleukin-1beta into the cerebrospinal fluid, but does not inhibit the growth of Streptococcus pneumoniae in experimental meningitis","Schmidt H, Stuertz K, Brück W, Chen V, Stringaris AK, Fischer FR, Nau R.",Scand J Immunol. 1999 May;49(5):481-6. doi: 10.1046/j.1365-3083.1999.00518.x.,Schmidt H,Scand J Immunol,1999,1999/05/13,,,10.1046/j.1365-3083.1999.00518.x
9209783,Rifabutin for experimental pneumococcal meningitis,"Schmidt H, Zysk G, Reinert RR, Brück W, Stringaris A, Chen V, Stuertz K, Fischer F, Bartels R, Schaper KJ, Weinig S, Nau R.",Chemotherapy. 1997 Jul-Aug;43(4):264-71. doi: 10.1159/000239577.,Schmidt H,Chemotherapy,1997,1997/07/01,,,10.1159/000239577
9222048,Trovafloxacin delays the antibiotic-induced inflammatory response in experimental pneumococcal meningitis,"Nau R, Zysk G, Schmidt H, Fischer FR, Stringaris AK, Stuertz K, Brück W.",J Antimicrob Chemother. 1997 Jun;39(6):781-8. doi: 10.1093/jac/39.6.781.,Nau R,J Antimicrob Chemother,1997,1997/06/01,,,10.1093/jac/39.6.781
9083551,Increased glutamine synthetase immunoreactivity in experimental pneumococcal meningitis,"Stringaris AK, Brück W, Tumani H, Schmidt H, Nau R.",Acta Neuropathol. 1997 Mar;93(3):215-8. doi: 10.1007/s004010050606.,Stringaris AK,Acta Neuropathol,1997,1997/03/01,,,10.1007/s004010050606